race_id,driver,model,actual_finish,predicted_finish,top_features,top_impacts
2024_01,ALB,xgb,15,15,num__grid_position | num__strategy_delta | num__stint_count | num__field_strength | num__avg_deg_same_compound_last_5,2.295 | 1.803 | -0.134 | 0.028 | 0.027
2024_01,ALO,xgb,9,17,num__strategy_delta | num__grid_position | num__stint_count | num__wet_performance_score | num__chaos_index,8.482 | -1.721 | -1.042 | 0.334 | -0.274
2024_01,BOT,xgb,19,20,num__strategy_delta | num__grid_position | num__stint_count | num__field_strength | num__air_temp,6.393 | 2.861 | -0.555 | 0.223 | -0.199
2024_01,GAS,xgb,18,18,num__grid_position | num__strategy_delta | num__stint_count | num__avg_deg_same_compound_last_5 | num__field_strength,7.527 | -0.635 | -0.149 | 0.032 | 0.022
2024_01,HAM,xgb,7,7,num__strategy_delta | num__grid_position | num__stint_count | num__avg_deg_same_compound_last_5 | num__safety_car_sensitivity,-2.586 | -1.101 | -0.176 | -0.075 | -0.055
2024_01,HUL,xgb,16,17,num__strategy_delta | num__grid_position | num__stint_count | num__quali_gap_to_pole | num__lap_consistency_std,4.076 | 1.875 | -0.271 | 0.070 | 0.054
2024_01,LEC,xgb,4,4,num__grid_position | num__stint_count | num__quali_gap_to_pole | num__strategy_delta | num__safety_car_sensitivity,-6.599 | -0.246 | -0.189 | 0.149 | -0.056
2024_01,MAG,xgb,12,12,num__grid_position | num__strategy_delta | num__stint_count | num__avg_deg_same_compound_last_5 | num__constructor_recent_form_score,3.558 | -2.470 | -0.134 | 0.032 | 0.026
2024_01,NOR,xgb,6,6,num__grid_position | num__strategy_delta | num__stint_count | num__chaos_index | num__quali_gap_to_pole,-2.760 | -2.031 | -0.170 | -0.037 | -0.033
2024_01,OCO,xgb,17,17,num__grid_position | num__strategy_delta | num__stint_count | num__avg_deg_same_compound_last_5 | num__field_strength,6.794 | -0.866 | -0.123 | 0.031 | 0.026
2024_01,PER,xgb,2,2,num__grid_position | num__strategy_delta | num__stint_count | num__constructor_recent_form_score | num__chaos_index,-4.501 | -4.147 | -0.176 | -0.053 | -0.036
2024_01,PIA,xgb,8,8,num__grid_position | num__strategy_delta | num__stint_count | num__avg_deg_same_compound_last_5 | num__lap_consistency_std,-1.764 | -1.075 | -0.150 | 0.037 | -0.036
2024_01,RIC,xgb,13,13,num__grid_position | num__strategy_delta | num__stint_count | num__avg_deg_same_compound_last_5 | num__tyre_deg_slope,2.992 | -0.743 | -0.163 | -0.095 | -0.021
2024_01,RUS,xgb,5,5,num__grid_position | num__strategy_delta | num__stint_count | num__quali_gap_to_pole | num__lap_consistency_std,-5.806 | 0.408 | -0.271 | -0.129 | -0.051
2024_01,SAI,xgb,3,3,num__grid_position | num__strategy_delta | num__stint_count | num__lap_consistency_std | num__avg_deg_same_compound_last_5,-5.135 | -2.449 | -0.190 | -0.078 | 0.058
2024_01,SAR,xgb,20,19,num__grid_position | num__strategy_delta | num__stint_count | num__constructor_recent_form_score | num__humidity,5.880 | 2.320 | -0.146 | 0.061 | -0.057
2024_01,STR,xgb,10,10,num__strategy_delta | num__grid_position | num__stint_count | num__avg_deg_same_compound_last_5 | num__field_strength,-2.138 | 1.181 | -0.126 | 0.033 | 0.023
2024_01,TSU,xgb,14,19,num__strategy_delta | num__stint_count | num__grid_position | num__field_strength | num__air_temp,7.570 | -0.678 | 0.535 | 0.323 | -0.195
2024_01,VER,xgb,1,1,num__grid_position | num__strategy_delta | num__stint_count | num__quali_gap_to_pole | num__avg_deg_same_compound_last_5,-7.281 | -2.323 | -0.197 | -0.147 | 0.090
2024_01,ZHO,xgb,11,11,num__grid_position | num__strategy_delta | num__stint_count | num__constructor_recent_form_score | num__quali_gap_to_pole,4.476 | -4.309 | -0.141 | 0.047 | 0.032
2024_02,ALB,xgb,11,11,num__strategy_delta | num__grid_position | num__constructor_recent_form_score | num__quali_gap_to_pole | num__tyre_deg_slope,-1.341 | 1.246 | 0.044 | 0.033 | 0.023
2024_02,ALO,xgb,5,5,num__grid_position | num__strategy_delta | num__tyre_deg_slope | num__constructor_recent_form_score | num__lap_consistency_std,-5.063 | -0.982 | -0.089 | -0.069 | -0.069
2024_02,BEA,xgb,7,7,num__strategy_delta | num__grid_position | num__constructor_recent_form_score | num__avg_deg_same_compound_last_5 | num__safety_car_sensitivity,-4.126 | 0.084 | -0.018 | 0.016 | 0.015
2024_02,BOT,xgb,17,17,num__grid_position | num__strategy_delta | num__stint_count | num__constructor_recent_form_score | num__avg_deg_same_compound_last_5,4.665 | 1.372 | -0.100 | 0.044 | 0.031
2024_02,GAS,xgb,21,21,num__strategy_delta | num__grid_position | num__stint_count | num__street_circuit_score | num__wet_performance_score,6.655 | 2.609 | 0.466 | 0.070 | -0.063
2024_02,HAM,xgb,9,9,num__grid_position | num__strategy_delta | num__avg_deg_same_compound_last_5 | num__driver_recent_form_score | num__street_circuit_score,-1.769 | -0.270 | -0.033 | 0.031 | 0.025
2024_02,HUL,xgb,10,10,num__strategy_delta | num__grid_position | num__constructor_recent_form_score | num__avg_deg_same_compound_last_5 | num__quali_gap_to_pole,-4.127 | 3.136 | 0.050 | 0.015 | 0.015
2024_02,LEC,xgb,3,3,num__grid_position | num__strategy_delta | num__quali_gap_to_pole | num__street_circuit_score | num__constructor_recent_form_score,-6.627 | -1.270 | -0.059 | 0.032 | -0.029
2024_02,MAG,xgb,12,12,num__grid_position | num__strategy_delta | num__constructor_recent_form_score | num__quali_gap_to_pole | num__tyre_deg_slope,2.093 | -1.154 | 0.041 | 0.026 | 0.024
2024_02,NOR,xgb,8,8,num__grid_position | num__strategy_delta | num__constructor_dnf_rate | num__constructor_recent_form_score | num__wet_performance_score,-3.319 | 0.408 | 0.031 | -0.030 | 0.026
2024_02,OCO,xgb,13,13,num__grid_position | num__strategy_delta | num__avg_deg_same_compound_last_5 | num__stint_count | num__tyre_deg_slope,4.760 | -2.815 | -0.178 | 0.019 | 0.016
2024_02,PER,xgb,2,2,num__grid_position | num__strategy_delta | num__constructor_recent_form_score | num__street_circuit_score | num__lap_consistency_std,-6.002 | -2.981 | -0.081 | 0.033 | -0.029
2024_02,PIA,xgb,4,4,num__grid_position | num__strategy_delta | num__lap_consistency_std | num__quali_gap_to_pole | num__stint_count,-4.336 | -2.453 | -0.065 | -0.035 | -0.024
2024_02,RIC,xgb,16,16,num__grid_position | num__strategy_delta | num__constructor_recent_form_score | num__tyre_deg_slope | num__lap_consistency_std,3.032 | 1.748 | 0.083 | 0.052 | 0.027
2024_02,RUS,xgb,6,6,num__grid_position | num__strategy_delta | num__avg_deg_same_compound_last_5 | num__constructor_recent_form_score | num__driver_recent_form_score,-2.708 | -2.340 | 0.031 | -0.030 | 0.027
2024_02,SAR,xgb,14,14,num__grid_position | num__strategy_delta | num__constructor_recent_form_score | num__street_circuit_score | num__tyre_deg_slope,6.140 | -3.293 | 0.073 | -0.032 | 0.023
2024_02,STR,xgb,21,21,num__strategy_delta | num__stint_count | num__grid_position | num__quali_gap_to_pole | num__avg_deg_same_compound_last_5,8.855 | 0.610 | 0.149 | 0.087 | 0.062
2024_02,TSU,xgb,15,16,num__strategy_delta | num__grid_position | num__constructor_recent_form_score | num__quali_gap_to_pole | num__track_specific_driver_score,3.799 | 0.762 | 0.068 | 0.064 | 0.062
2024_02,VER,xgb,1,1,num__grid_position | num__strategy_delta | num__quali_gap_to_pole | num__constructor_recent_form_score | num__driver_recent_form_score,-7.269 | -2.545 | -0.111 | -0.065 | 0.059
2024_02,ZHO,xgb,18,18,num__grid_position | num__strategy_delta | num__quali_gap_to_pole | num__constructor_recent_form_score | num__pit_stop_efficiency,7.530 | -0.788 | 0.103 | 0.041 | 0.010
2024_03,ALB,xgb,11,11,num__grid_position | num__strategy_delta | num__stint_count | num__quali_gap_to_pole | num__constructor_recent_form_score,1.230 | -1.115 | -0.115 | 0.050 | 0.039
2024_03,ALO,xgb,8,8,num__strategy_delta | num__grid_position | num__stint_count | num__avg_deg_same_compound_last_5 | num__chaos_index,-2.640 | -0.255 | -0.130 | 0.034 | -0.024
2024_03,BOT,xgb,14,14,num__grid_position | num__strategy_delta | num__stint_count | num__constructor_recent_form_score | num__driver_recent_avg_pos,2.183 | 0.876 | -0.115 | 0.051 | 0.042
2024_03,GAS,xgb,13,13,num__grid_position | num__strategy_delta | num__stint_count | num__quali_gap_to_pole | num__driver_recent_avg_pos,4.771 | -2.834 | -0.106 | 0.056 | 0.030
2024_03,HAM,xgb,21,19,num__strategy_delta | num__grid_position | num__chaos_index | num__track_specific_driver_score | num__lap_consistency_std,7.597 | 0.559 | -0.169 | -0.160 | -0.155
2024_03,HUL,xgb,9,9,num__strategy_delta | num__grid_position | num__stint_count | num__quali_gap_to_pole | num__constructor_recent_form_score,-5.400 | 3.421 | -0.110 | 0.048 | 0.035
2024_03,LEC,xgb,2,2,num__grid_position | num__strategy_delta | num__stint_count | num__avg_deg_same_compound_last_5 | num__field_strength,-5.241 | -3.494 | -0.182 | 0.055 | 0.041
2024_03,MAG,xgb,10,10,num__strategy_delta | num__grid_position | num__stint_count | num__constructor_recent_form_score | num__lap_consistency_std,-3.423 | 2.492 | -0.111 | 0.033 | 0.021
2024_03,NOR,xgb,3,3,num__grid_position | num__strategy_delta | num__stint_count | num__lap_consistency_std | num__chaos_index,-5.898 | -1.726 | -0.170 | -0.057 | -0.042
2024_03,OCO,xgb,16,16,num__grid_position | num__strategy_delta | num__stint_count | num__constructor_recent_form_score | num__quali_gap_to_pole,3.867 | 1.171 | -0.147 | 0.034 | 0.030
2024_03,PER,xgb,5,5,num__grid_position | num__strategy_delta | num__stint_count | num__driver_recent_form_score | num__avg_deg_same_compound_last_5,-3.445 | -2.480 | -0.127 | 0.067 | 0.050
2024_03,PIA,xgb,4,4,num__grid_position | num__strategy_delta | num__stint_count | num__avg_deg_same_compound_last_5 | num__chaos_index,-4.334 | -2.401 | -0.170 | 0.054 | -0.036
2024_03,RIC,xgb,12,12,num__grid_position | num__strategy_delta | num__stint_count | num__avg_deg_same_compound_last_5 | num__constructor_recent_form_score,5.222 | -4.044 | -0.150 | -0.089 | 0.066
2024_03,RUS,xgb,17,15,num__strategy_delta | num__grid_position | num__stint_count | num__driver_recent_form_score | num__tyre_deg_slope,5.293 | -0.748 | -0.289 | 0.092 | -0.089
2024_03,SAI,xgb,1,1,num__grid_position | num__strategy_delta | num__stint_count | num__quali_gap_to_pole | num__chaos_index,-6.634 | -2.507 | -0.256 | -0.174 | -0.041
2024_03,STR,xgb,6,6,num__strategy_delta | num__grid_position | num__stint_count | num__lap_consistency_std | num__tyre_deg_slope,-3.397 | -1.246 | -0.133 | -0.065 | -0.046
2024_03,TSU,xgb,7,7,num__grid_position | num__strategy_delta | num__stint_count | num__quali_gap_to_pole | num__avg_deg_same_compound_last_5,-1.902 | -1.896 | -0.140 | -0.036 | 0.033
2024_03,VER,xgb,21,21,num__strategy_delta | num__grid_position | num__stint_count | num__avg_deg_same_compound_last_5 | num__driver_recent_form_score,11.270 | -2.918 | 1.171 | 0.194 | 0.174
2024_03,ZHO,xgb,15,15,num__grid_position | num__strategy_delta | num__stint_count | num__quali_gap_to_pole | num__avg_deg_same_compound_last_5,6.426 | -2.320 | -0.145 | 0.075 | -0.066
2024_04,ALB,xgb,21,20,num__strategy_delta | num__grid_position | num__stint_count | cat__circuit_Suzuka | num__safety_car_sensitivity,7.584 | 1.414 | 0.610 | -0.236 | -0.078
2024_04,ALO,xgb,6,6,num__grid_position | num__strategy_delta | num__stint_count | num__chaos_index | num__wet_performance_score,-4.224 | -0.408 | -0.226 | -0.042 | 0.039
2024_04,BOT,xgb,14,14,num__grid_position | num__strategy_delta | num__stint_count | num__quali_gap_to_pole | cat__circuit_Suzuka,2.172 | 0.964 | -0.153 | 0.054 | -0.052
2024_04,GAS,xgb,16,16,num__grid_position | num__strategy_delta | num__stint_count | num__quali_gap_to_pole | num__constructor_recent_form_score,5.384 | -0.210 | -0.138 | 0.055 | 0.053
2024_04,HAM,xgb,9,9,num__grid_position | num__strategy_delta | num__stint_count | num__quali_to_race_conversion | num__constructor_recent_form_score,-2.610 | 0.914 | -0.218 | -0.070 | -0.055
2024_04,HUL,xgb,11,11,num__grid_position | num__strategy_delta | num__stint_count | num__field_strength | cat__circuit_Suzuka,1.270 | -1.096 | -0.155 | 0.037 | -0.033
2024_04,LEC,xgb,4,4,num__strategy_delta | num__grid_position | num__stint_count | num__driver_recent_form_score | num__constructor_recent_form_score,-4.537 | -2.330 | -0.150 | 0.065 | -0.043
2024_04,MAG,xgb,13,13,num__grid_position | num__strategy_delta | num__stint_count | cat__circuit_Suzuka | num__quali_gap_to_pole,5.385 | -3.376 | -0.114 | -0.032 | 0.029
2024_04,NOR,xgb,5,5,num__grid_position | num__strategy_delta | num__stint_count | num__quali_gap_to_pole | num__avg_deg_same_compound_last_5,-5.785 | 0.487 | -0.315 | -0.162 | -0.054
2024_04,OCO,xgb,15,15,num__grid_position | num__strategy_delta | num__stint_count | cat__circuit_Suzuka | num__driver_recent_avg_pos,3.860 | 0.269 | -0.139 | -0.045 | 0.045
2024_04,PER,xgb,2,2,num__grid_position | num__strategy_delta | num__stint_count | num__quali_gap_to_pole | num__avg_deg_same_compound_last_5,-6.687 | -1.862 | -0.262 | -0.131 | 0.094
2024_04,PIA,xgb,8,8,num__grid_position | num__strategy_delta | num__stint_count | cat__circuit_Suzuka | num__driver_recent_form_score,-3.295 | 0.550 | -0.213 | -0.065 | 0.054
2024_04,RIC,xgb,21,20,num__strategy_delta | num__stint_count | cat__circuit_Suzuka | num__grid_position | num__safety_car_sensitivity,8.346 | 0.933 | -0.197 | 0.160 | 0.092
2024_04,RUS,xgb,7,7,num__strategy_delta | num__grid_position | num__stint_count | num__chaos_index | num__avg_deg_same_compound_last_5,-2.642 | -1.146 | -0.206 | -0.035 | 0.034
2024_04,SAI,xgb,3,3,num__grid_position | num__strategy_delta | num__stint_count | num__chaos_index | num__field_strength,-5.139 | -2.383 | -0.245 | -0.043 | 0.040
2024_04,SAR,xgb,17,17,num__grid_position | num__strategy_delta | num__stint_count | num__constructor_recent_form_score | num__driver_recent_avg_pos,6.815 | -0.775 | -0.147 | 0.058 | 0.047
2024_04,STR,xgb,12,12,num__grid_position | num__strategy_delta | num__stint_count | num__constructor_recent_form_score | num__quali_gap_to_pole,4.101 | -2.933 | -0.153 | -0.050 | 0.037
2024_04,TSU,xgb,10,10,num__strategy_delta | num__stint_count | num__grid_position | num__field_strength | cat__circuit_Suzuka,-0.718 | -0.161 | -0.116 | 0.037 | -0.035
2024_04,VER,xgb,1,1,num__grid_position | num__strategy_delta | num__stint_count | num__quali_gap_to_pole | num__avg_deg_same_compound_last_5,-7.290 | -2.199 | -0.248 | -0.135 | 0.092
2024_04,ZHO,xgb,21,21,num__strategy_delta | num__grid_position | num__stint_count | num__field_strength | cat__circuit_Suzuka,5.344 | 4.124 | -0.562 | 0.359 | -0.202
2024_05,ALB,xgb,12,12,num__grid_position | num__strategy_delta | num__stint_count | num__quali_gap_to_pole | num__constructor_recent_form_score,2.930 | -1.788 | -0.114 | 0.040 | 0.040
2024_05,ALO,xgb,7,8,num__grid_position | num__strategy_delta | num__stint_count | num__wet_performance_score | num__avg_deg_same_compound_last_5,-4.286 | 1.280 | -0.434 | 0.212 | 0.139
2024_05,BOT,xgb,21,19,num__strategy_delta | num__grid_position | num__track_specific_driver_score | num__constructor_recent_form_score | num__stint_count,7.834 | 0.181 | -0.147 | -0.138 | -0.116
2024_05,GAS,xgb,13,13,num__grid_position | num__strategy_delta | num__stint_count | num__quali_gap_to_pole | num__constructor_recent_form_score,3.699 | -1.601 | -0.142 | 0.057 | 0.051
2024_05,HAM,xgb,9,9,num__strategy_delta | num__grid_position | num__stint_count | num__avg_deg_same_compound_last_5 | num__quali_gap_to_pole,-6.361 | 4.536 | -0.125 | 0.035 | 0.029
2024_05,HUL,xgb,10,10,num__grid_position | num__stint_count | num__strategy_delta | num__avg_deg_same_compound_last_5 | num__field_strength,-0.959 | -0.141 | 0.039 | 0.035 | 0.023
2024_05,LEC,xgb,4,4,num__grid_position | num__strategy_delta | num__constructor_recent_form_score | num__avg_deg_same_compound_last_5 | num__driver_recent_avg_pos,-3.571 | -3.411 | -0.065 | 0.036 | -0.022
2024_05,MAG,xgb,16,16,num__grid_position | num__strategy_delta | num__stint_count | num__quali_gap_to_pole | num__constructor_recent_form_score,5.387 | -0.226 | -0.115 | 0.040 | 0.027
2024_05,NOR,xgb,2,2,num__grid_position | num__strategy_delta | num__avg_deg_same_compound_last_5 | num__street_circuit_score | num__driver_recent_avg_pos,-5.251 | -3.629 | -0.068 | 0.033 | -0.027
2024_05,OCO,xgb,11,11,num__strategy_delta | num__grid_position | num__stint_count | num__quali_gap_to_pole | num__lap_consistency_std,-1.913 | 1.907 | -0.106 | 0.051 | -0.050
2024_05,PER,xgb,3,3,num__grid_position | num__strategy_delta | num__stint_count | num__avg_deg_same_compound_last_5 | num__quali_gap_to_pole,-6.604 | -1.081 | -0.192 | 0.090 | -0.076
2024_05,PIA,xgb,8,15,num__strategy_delta | num__grid_position | num__stint_count | num__avg_deg_same_compound_last_5 | num__lap_consistency_std,8.120 | -2.740 | -1.110 | 0.454 | -0.323
2024_05,RIC,xgb,21,21,num__strategy_delta | num__grid_position | num__dnf_risk_score | num__avg_deg_same_compound_last_5 | num__constructor_strategy_score,8.151 | 1.158 | -0.120 | 0.084 | 0.074
2024_05,RUS,xgb,6,6,num__strategy_delta | num__grid_position | num__stint_count | num__quali_gap_to_pole | num__avg_deg_same_compound_last_5,-2.877 | -1.974 | -0.157 | -0.043 | 0.036
2024_05,SAI,xgb,5,5,num__strategy_delta | num__grid_position | num__lap_consistency_std | num__constructor_recent_form_score | num__driver_recent_form_score,-3.063 | -2.782 | -0.048 | -0.039 | 0.023
2024_05,SAR,xgb,17,17,num__grid_position | num__strategy_delta | num__stint_count | num__constructor_recent_form_score | num__quali_gap_to_pole,7.423 | -1.428 | -0.116 | 0.042 | 0.038
2024_05,STR,xgb,15,16,num__strategy_delta | num__grid_position | num__stint_count | num__avg_deg_same_compound_last_5 | num__street_circuit_score,2.557 | 2.299 | -0.234 | 0.048 | 0.038
2024_05,TSU,xgb,21,19,num__strategy_delta | num__grid_position | num__stint_count | num__avg_deg_same_compound_last_5 | num__quali_gap_to_pole,5.110 | 4.066 | -0.897 | -0.491 | 0.142
2024_05,VER,xgb,1,1,num__grid_position | num__strategy_delta | num__stint_count | num__quali_gap_to_pole | num__constructor_recent_form_score,-7.312 | -2.085 | -0.236 | -0.178 | -0.050
2024_05,ZHO,xgb,14,14,num__grid_position | num__strategy_delta | num__stint_count | num__constructor_recent_form_score | num__quali_gap_to_pole,4.427 | -1.433 | -0.140 | 0.049 | 0.038
2024_06,ALB,xgb,18,18,num__grid_position | num__strategy_delta | num__stint_count | num__chaos_index | num__air_temp,4.448 | 2.926 | -0.129 | -0.093 | 0.067
2024_06,ALO,xgb,9,9,num__strategy_delta | num__grid_position | num__chaos_index | num__constructor_recent_form_score | num__avg_deg_same_compound_last_5,-4.801 | 2.957 | -0.089 | -0.063 | 0.028
2024_06,BOT,xgb,16,16,num__grid_position | num__strategy_delta | num__stint_count | num__chaos_index | num__constructor_recent_form_score,4.558 | 0.399 | -0.096 | -0.065 | 0.033
2024_06,GAS,xgb,12,12,num__grid_position | num__strategy_delta | num__chaos_index | num__quali_gap_to_pole | num__air_temp,1.275 | -0.327 | -0.086 | -0.059 | 0.023
2024_06,HAM,xgb,6,6,num__strategy_delta | num__grid_position | num__chaos_index | num__constructor_recent_form_score | num__air_temp,-2.964 | -1.983 | -0.089 | -0.037 | 0.029
2024_06,HUL,xgb,11,11,num__strategy_delta | num__grid_position | num__stint_count | num__chaos_index | num__air_temp,0.932 | -0.832 | -0.116 | -0.074 | 0.054
2024_06,LEC,xgb,3,3,num__grid_position | num__strategy_delta | num__chaos_index | num__quali_gap_to_pole | num__avg_deg_same_compound_last_5,-6.607 | -1.240 | -0.092 | -0.069 | 0.050
2024_06,MAG,xgb,19,19,num__grid_position | num__strategy_delta | num__stint_count | num__chaos_index | num__quali_gap_to_pole,6.147 | 1.758 | -0.121 | -0.058 | 0.047
2024_06,NOR,xgb,1,2,num__strategy_delta | num__grid_position | num__chaos_index | num__avg_deg_same_compound_last_5 | num__street_circuit_score,-4.641 | -4.443 | -0.089 | -0.067 | 0.030
2024_06,OCO,xgb,10,10,num__strategy_delta | num__grid_position | num__chaos_index | num__lap_consistency_std | num__air_temp,-2.770 | 1.819 | -0.081 | -0.032 | 0.029
2024_06,PER,xgb,4,4,num__grid_position | num__strategy_delta | num__stint_count | num__quali_gap_to_pole | num__chaos_index,-5.020 | -1.477 | -0.205 | -0.158 | -0.066
2024_06,PIA,xgb,13,14,num__strategy_delta | num__grid_position | num__stint_count | num__driver_recent_form_score | num__air_temp,4.209 | -1.274 | -0.252 | 0.119 | 0.114
2024_06,RIC,xgb,15,15,num__grid_position | num__strategy_delta | num__chaos_index | num__driver_recent_avg_pos | num__constructor_recent_form_score,6.874 | -3.051 | -0.091 | 0.034 | 0.030
2024_06,RUS,xgb,8,8,num__grid_position | num__strategy_delta | num__chaos_index | num__air_temp | num__avg_deg_same_compound_last_5,-2.641 | -0.297 | -0.095 | 0.036 | 0.032
2024_06,SAI,xgb,5,5,num__grid_position | num__chaos_index | num__lap_consistency_std | num__strategy_delta | num__air_temp,-5.784 | -0.092 | -0.060 | -0.057 | 0.055
2024_06,SAR,xgb,21,20,num__strategy_delta | num__grid_position | num__chaos_index | num__stint_count | num__air_temp,6.250 | 3.063 | -0.635 | -0.157 | 0.098
2024_06,STR,xgb,17,17,num__strategy_delta | num__grid_position | num__stint_count | num__chaos_index | num__quali_gap_to_pole,3.890 | 2.074 | -0.123 | -0.094 | 0.092
2024_06,TSU,xgb,7,7,num__strategy_delta | num__grid_position | num__chaos_index | num__lap_consistency_std | num__stint_count,-3.410 | -0.447 | -0.089 | -0.063 | -0.029
2024_06,VER,xgb,2,2,num__grid_position | num__strategy_delta | num__track_specific_driver_score | num__chaos_index | num__quali_gap_to_pole,-7.338 | -1.287 | -0.084 | -0.082 | -0.081
2024_06,ZHO,xgb,14,14,num__grid_position | num__strategy_delta | num__chaos_index | num__constructor_recent_form_score | num__driver_recent_avg_pos,6.176 | -3.219 | -0.094 | 0.056 | 0.040
2024_07,ALB,xgb,21,20,num__strategy_delta | num__grid_position | num__stint_count | num__field_strength | num__avg_deg_same_compound_last_5,7.068 | 2.359 | -0.577 | 0.318 | 0.182
2024_07,ALO,xgb,19,19,num__grid_position | num__strategy_delta | num__stint_count | num__avg_deg_same_compound_last_5 | num__quali_gap_to_pole,7.586 | 0.256 | -0.174 | -0.073 | 0.069
2024_07,BOT,xgb,18,18,num__grid_position | num__strategy_delta | num__constructor_recent_form_score | num__driver_recent_avg_pos | num__humidity,4.547 | 2.121 | 0.072 | 0.059 | -0.047
2024_07,GAS,xgb,16,16,num__grid_position | num__strategy_delta | num__stint_count | num__quali_gap_to_pole | num__constructor_recent_form_score,3.873 | 1.113 | -0.106 | 0.047 | 0.041
2024_07,HAM,xgb,6,6,num__strategy_delta | num__grid_position | num__chaos_index | num__avg_deg_same_compound_last_5 | num__street_circuit_score,-2.898 | -1.979 | -0.036 | -0.035 | -0.029
2024_07,HUL,xgb,11,11,num__strategy_delta | num__grid_position | num__quali_gap_to_pole | num__chaos_index | num__avg_deg_same_compound_last_5,0.089 | -0.060 | -0.027 | -0.020 | 0.013
2024_07,LEC,xgb,3,3,num__grid_position | num__strategy_delta | num__quali_gap_to_pole | num__avg_deg_same_compound_last_5 | num__chaos_index,-5.853 | -1.962 | -0.056 | 0.048 | -0.039
2024_07,MAG,xgb,12,12,num__grid_position | num__strategy_delta | num__driver_recent_avg_pos | num__quali_gap_to_pole | num__constructor_recent_form_score,5.178 | -4.262 | 0.038 | 0.037 | 0.028
2024_07,NOR,xgb,2,2,num__grid_position | num__strategy_delta | num__quali_gap_to_pole | num__driver_recent_form_score | num__avg_deg_same_compound_last_5,-6.684 | -2.201 | -0.079 | 0.066 | -0.062
2024_07,OCO,xgb,14,14,num__strategy_delta | num__grid_position | num__constructor_recent_form_score | num__driver_recent_avg_pos | num__street_circuit_score,1.569 | 1.352 | 0.037 | 0.029 | -0.023
2024_07,PER,xgb,8,8,num__strategy_delta | num__grid_position | num__constructor_recent_form_score | num__driver_recent_form_score | num__driver_recent_avg_pos,-3.326 | 0.305 | -0.043 | -0.030 | -0.026
2024_07,PIA,xgb,4,4,num__grid_position | num__strategy_delta | num__quali_gap_to_pole | num__chaos_index | num__street_circuit_score,-4.341 | -2.454 | -0.101 | -0.041 | 0.031
2024_07,RIC,xgb,13,14,num__strategy_delta | num__grid_position | num__stint_count | num__track_specific_driver_score | num__pit_stop_efficiency,2.148 | 0.457 | -0.069 | 0.060 | 0.046
2024_07,RUS,xgb,7,7,num__grid_position | num__strategy_delta | num__stint_count | num__avg_deg_same_compound_last_5 | num__chaos_index,-3.420 | -0.454 | -0.159 | 0.036 | -0.033
2024_07,SAI,xgb,5,5,num__grid_position | num__strategy_delta | num__constructor_strategy_score | num__chaos_index | num__driver_recent_avg_pos,-5.065 | -0.694 | -0.049 | -0.042 | -0.036
2024_07,SAR,xgb,17,17,num__grid_position | num__strategy_delta | num__quali_gap_to_pole | num__constructor_recent_form_score | num__driver_recent_avg_pos,6.794 | -0.906 | 0.052 | 0.049 | 0.045
2024_07,STR,xgb,9,9,num__strategy_delta | num__grid_position | num__constructor_recent_form_score | num__avg_deg_same_compound_last_5 | num__quali_gap_to_pole,-3.668 | 1.613 | 0.023 | 0.020 | 0.018
2024_07,TSU,xgb,10,17,num__strategy_delta | num__grid_position | num__stint_count | num__chaos_index | num__safety_car_sensitivity,8.305 | -1.674 | -0.307 | -0.231 | 0.174
2024_07,VER,xgb,1,1,num__grid_position | num__strategy_delta | num__quali_gap_to_pole | num__avg_deg_same_compound_last_5 | num__stint_count,-7.316 | -2.383 | -0.086 | -0.070 | 0.046
2024_07,ZHO,xgb,15,15,num__grid_position | num__strategy_delta | num__quali_gap_to_pole | num__constructor_recent_form_score | num__driver_recent_avg_pos,5.234 | -1.290 | 0.050 | 0.038 | 0.025
2024_08,ALB,xgb,9,9,num__grid_position | num__strategy_delta | num__driver_recent_avg_pos | num__overtake_difficulty_factor | num__chaos_index,-0.956 | -0.955 | 0.039 | -0.036 | -0.028
2024_08,ALO,xgb,11,11,num__strategy_delta | num__grid_position | num__overtake_difficulty_factor | num__quali_gap_to_pole | num__constructor_recent_form_score,-2.765 | 2.746 | -0.031 | 0.026 | 0.026
2024_08,BOT,xgb,13,13,num__grid_position | num__strategy_delta | num__stint_count | num__quali_gap_to_pole | num__constructor_recent_form_score,4.784 | -2.822 | -0.116 | 0.070 | 0.049
2024_08,GAS,xgb,10,10,num__strategy_delta | num__avg_deg_same_compound_last_5 | num__grid_position | num__overtake_difficulty_factor | num__lap_consistency_std,-0.722 | -0.148 | -0.138 | -0.025 | 0.022
2024_08,HAM,xgb,7,7,num__grid_position | num__strategy_delta | num__stint_count | num__overtake_difficulty_factor | num__avg_deg_same_compound_last_5,-2.698 | -1.176 | -0.144 | -0.058 | 0.047
2024_08,HUL,xgb,21,21,num__strategy_delta | num__grid_position | num__stint_count | num__overtake_difficulty_factor | num__field_strength,6.333 | 3.033 | 0.593 | -0.097 | 0.077
2024_08,LEC,xgb,1,1,num__grid_position | num__strategy_delta | num__quali_gap_to_pole | num__overtake_difficulty_factor | num__chaos_index,-7.344 | -2.200 | -0.097 | -0.078 | -0.038
2024_08,MAG,xgb,21,21,num__strategy_delta | num__grid_position | num__stint_count | num__field_strength | num__overtake_difficulty_factor,5.994 | 3.316 | 0.597 | 0.083 | -0.083
2024_08,NOR,xgb,4,4,num__grid_position | num__strategy_delta | num__overtake_difficulty_factor | num__driver_recent_form_score | num__avg_deg_same_compound_last_5,-5.053 | -1.813 | -0.075 | 0.069 | -0.061
2024_08,OCO,xgb,21,20,num__strategy_delta | num__stint_count | num__grid_position | num__constructor_recent_form_score | num__overtake_difficulty_factor,8.169 | 1.014 | 0.152 | -0.107 | -0.105
2024_08,PER,xgb,21,21,num__strategy_delta | num__grid_position | num__stint_count | num__constructor_recent_form_score | num__overtake_difficulty_factor,7.115 | 2.131 | 0.650 | -0.144 | -0.088
2024_08,PIA,xgb,2,2,num__grid_position | num__strategy_delta | num__quali_gap_to_pole | num__overtake_difficulty_factor | num__avg_deg_same_compound_last_5,-6.746 | -1.994 | -0.079 | -0.078 | -0.060
2024_08,RIC,xgb,12,12,num__grid_position | num__strategy_delta | num__overtake_difficulty_factor | num__driver_recent_avg_pos | num__field_strength,1.302 | -0.335 | -0.027 | 0.027 | 0.020
2024_08,RUS,xgb,5,5,num__grid_position | num__strategy_delta | num__overtake_difficulty_factor | num__avg_deg_same_compound_last_5 | num__chaos_index,-4.267 | -1.660 | -0.064 | 0.034 | -0.032
2024_08,SAI,xgb,3,3,num__grid_position | num__strategy_delta | num__overtake_difficulty_factor | num__quali_gap_to_pole | num__constructor_recent_form_score,-5.899 | -1.767 | -0.077 | -0.061 | -0.044
2024_08,SAR,xgb,15,15,num__grid_position | num__strategy_delta | num__stint_count | num__quali_gap_to_pole | num__driver_recent_avg_pos,3.876 | 0.262 | -0.126 | 0.058 | 0.056
2024_08,STR,xgb,14,14,num__grid_position | num__strategy_delta | num__stint_count | num__field_strength | num__overtake_difficulty_factor,2.219 | 0.940 | -0.145 | 0.044 | -0.035
2024_08,TSU,xgb,8,8,num__grid_position | num__strategy_delta | num__overtake_difficulty_factor | num__lap_consistency_std | num__quali_gap_to_pole,-1.785 | -1.110 | -0.042 | 0.040 | -0.035
2024_08,VER,xgb,6,6,num__grid_position | num__strategy_delta | num__stint_count | num__track_specific_driver_score | num__driver_recent_form_score,-3.397 | -1.409 | -0.152 | -0.091 | 0.060
2024_08,ZHO,xgb,16,16,num__grid_position | num__strategy_delta | num__stint_count | num__quali_gap_to_pole | num__constructor_recent_form_score,5.994 | -1.077 | -0.106 | 0.065 | 0.056
2024_09,ALB,xgb,21,19,num__strategy_delta | num__stint_count | num__field_strength | num__grid_position | num__avg_deg_same_compound_last_5,7.674 | -0.653 | 0.317 | 0.259 | 0.163
2024_09,ALO,xgb,6,6,num__grid_position | num__strategy_delta | num__avg_deg_same_compound_last_5 | num__stint_count | num__constructor_recent_form_score,-3.454 | -1.082 | -0.262 | -0.181 | 0.043
2024_09,BOT,xgb,13,13,num__grid_position | num__strategy_delta | num__constructor_recent_form_score | num__quali_gap_to_pole | num__driver_recent_avg_pos,5.980 | -4.067 | 0.060 | 0.037 | 0.037
2024_09,GAS,xgb,9,9,num__strategy_delta | num__grid_position | num__stint_count | num__avg_deg_same_compound_last_5 | num__quali_gap_to_pole,-4.594 | 2.990 | -0.149 | -0.058 | 0.051
2024_09,HAM,xgb,4,4,num__strategy_delta | num__grid_position | num__stint_count | num__quali_gap_to_pole | num__avg_deg_same_compound_last_5,-3.553 | -2.907 | -0.264 | -0.182 | -0.033
2024_09,HUL,xgb,11,11,num__grid_position | num__strategy_delta | num__stint_count | num__avg_deg_same_compound_last_5 | num__quali_gap_to_pole,4.474 | -4.238 | -0.179 | -0.080 | 0.068
2024_09,LEC,xgb,21,19,num__strategy_delta | num__grid_position | num__stint_count | num__avg_deg_same_compound_last_5 | num__driver_recent_form_score,7.529 | 1.205 | -1.122 | -0.525 | 0.319
2024_09,MAG,xgb,12,12,num__grid_position | num__strategy_delta | num__stint_count | num__constructor_recent_form_score | num__quali_gap_to_pole,2.906 | -1.797 | -0.141 | 0.052 | 0.042
2024_09,NOR,xgb,2,2,num__grid_position | num__strategy_delta | num__stint_count | num__tyre_deg_slope | num__driver_recent_form_score,-6.023 | -2.921 | -0.169 | -0.150 | 0.089
2024_09,OCO,xgb,10,10,num__strategy_delta | num__grid_position | num__quali_gap_to_pole | num__driver_recent_avg_pos | num__constructor_recent_form_score,-5.830 | 4.797 | 0.040 | 0.037 | 0.034
2024_09,PER,xgb,21,20,num__strategy_delta | num__grid_position | num__stint_count | num__avg_deg_same_compound_last_5 | num__quali_gap_to_pole,6.454 | 2.903 | -0.786 | -0.561 | 0.151
2024_09,PIA,xgb,5,5,num__grid_position | num__strategy_delta | num__stint_count | num__tyre_deg_slope | num__constructor_recent_form_score,-5.100 | -0.722 | -0.185 | -0.062 | -0.054
2024_09,RIC,xgb,8,16,num__strategy_delta | num__grid_position | num__stint_count | num__avg_deg_same_compound_last_5 | num__field_strength,8.338 | -2.578 | -1.005 | 0.318 | 0.273
2024_09,RUS,xgb,3,3,num__grid_position | num__strategy_delta | num__stint_count | num__quali_gap_to_pole | num__avg_deg_same_compound_last_5,-7.319 | -0.314 | -0.260 | -0.145 | 0.077
2024_09,SAI,xgb,21,20,num__strategy_delta | num__grid_position | num__stint_count | num__field_strength | num__avg_deg_same_compound_last_5,7.883 | 1.143 | -0.663 | 0.316 | 0.176
2024_09,SAR,xgb,21,21,num__strategy_delta | num__grid_position | num__stint_count | num__dnf_risk_score | num__field_strength,8.048 | 0.888 | 0.635 | -0.102 | 0.067
2024_09,STR,xgb,7,7,num__strategy_delta | num__grid_position | num__stint_count | num__avg_deg_same_compound_last_5 | num__constructor_recent_form_score,-2.570 | -1.144 | -0.176 | -0.130 | 0.034
2024_09,TSU,xgb,14,14,num__strategy_delta | num__grid_position | num__street_circuit_score | num__tyre_deg_slope | num__track_specific_driver_score,3.410 | -0.108 | 0.073 | -0.064 | 0.063
2024_09,VER,xgb,1,1,num__grid_position | num__strategy_delta | num__stint_count | num__quali_gap_to_pole | num__avg_deg_same_compound_last_5,-6.628 | -2.582 | -0.257 | -0.133 | -0.131
2024_09,ZHO,xgb,15,15,num__grid_position | num__strategy_delta | num__stint_count | num__avg_deg_same_compound_last_5 | num__quali_gap_to_pole,6.888 | -2.907 | -0.174 | -0.113 | 0.068
2024_10,ALB,xgb,18,18,num__grid_position | num__strategy_delta | num__stint_count | num__chaos_index | num__quali_gap_to_pole,7.531 | -0.525 | -0.145 | 0.033 | 0.032
2024_10,ALO,xgb,12,12,num__strategy_delta | num__stint_count | num__quali_gap_to_pole | num__chaos_index | num__field_strength,1.225 | -0.184 | 0.051 | 0.046 | -0.025
2024_10,BOT,xgb,16,16,num__strategy_delta | num__grid_position | num__stint_count | num__lap_consistency_std | num__dnf_risk_score,2.851 | 2.727 | -0.244 | -0.103 | -0.057
2024_10,GAS,xgb,9,9,num__grid_position | num__strategy_delta | num__stint_count | num__chaos_index | num__avg_deg_same_compound_last_5,-2.558 | 0.777 | -0.163 | 0.058 | 0.035
2024_10,HAM,xgb,3,3,num__grid_position | num__strategy_delta | num__stint_count | num__chaos_index | num__avg_deg_same_compound_last_5,-5.862 | -1.756 | -0.212 | 0.099 | 0.056
2024_10,HUL,xgb,11,11,num__grid_position | num__strategy_delta | num__stint_count | num__field_strength | num__chaos_index,1.937 | -1.933 | -0.156 | -0.037 | 0.034
2024_10,LEC,xgb,5,5,num__grid_position | num__strategy_delta | num__stint_count | num__chaos_index | num__avg_deg_same_compound_last_5,-4.279 | -1.253 | -0.253 | 0.075 | -0.069
2024_10,MAG,xgb,17,17,num__grid_position | num__strategy_delta | num__stint_count | num__constructor_recent_form_score | num__chaos_index,4.688 | 1.504 | -0.143 | 0.043 | 0.032
2024_10,NOR,xgb,2,2,num__grid_position | num__strategy_delta | num__stint_count | num__quali_gap_to_pole | num__chaos_index,-7.288 | -1.133 | -0.268 | -0.151 | 0.106
2024_10,OCO,xgb,10,10,num__grid_position | num__strategy_delta | num__stint_count | num__chaos_index | num__field_strength,-1.723 | 1.002 | -0.180 | 0.061 | -0.038
2024_10,PER,xgb,8,8,num__strategy_delta | num__grid_position | num__stint_count | num__chaos_index | num__field_strength,-3.147 | 0.293 | -0.196 | 0.052 | -0.037
2024_10,PIA,xgb,7,7,num__strategy_delta | num__grid_position | num__stint_count | num__chaos_index | num__field_strength,-2.775 | -1.104 | -0.181 | 0.068 | -0.041
2024_10,RIC,xgb,15,15,num__grid_position | num__strategy_delta | num__stint_count | num__chaos_index | num__field_strength,5.899 | -1.804 | -0.150 | 0.032 | -0.027
2024_10,RUS,xgb,4,4,num__grid_position | num__strategy_delta | num__stint_count | num__chaos_index | num__field_strength,-5.083 | -1.401 | -0.242 | 0.097 | -0.046
2024_10,SAI,xgb,6,6,num__grid_position | num__strategy_delta | num__stint_count | num__chaos_index | num__field_strength,-3.458 | -1.258 | -0.211 | 0.063 | -0.035
2024_10,SAR,xgb,20,19,num__grid_position | num__strategy_delta | num__stint_count | num__quali_gap_to_pole | num__constructor_recent_form_score,6.629 | 1.640 | -0.130 | 0.078 | 0.058
2024_10,STR,xgb,14,14,num__grid_position | num__stint_count | num__chaos_index | num__field_strength | num__lap_consistency_std,3.007 | -0.134 | 0.033 | -0.031 | 0.030
2024_10,TSU,xgb,19,19,num__grid_position | num__strategy_delta | num__stint_count | num__lap_consistency_std | num__chaos_index,5.328 | 2.434 | -0.164 | 0.046 | 0.039
2024_10,VER,xgb,1,1,num__grid_position | num__strategy_delta | num__stint_count | num__quali_gap_to_pole | num__track_specific_driver_score,-6.568 | -2.724 | -0.235 | -0.146 | -0.100
2024_10,ZHO,xgb,13,13,num__grid_position | num__strategy_delta | num__stint_count | num__constructor_recent_form_score | num__avg_deg_same_compound_last_5,3.701 | -1.535 | -0.164 | 0.047 | -0.045
2024_11,ALB,xgb,15,15,num__grid_position | num__strategy_delta | num__stint_count | num__constructor_recent_form_score | num__quali_gap_to_pole,4.450 | -0.545 | -0.121 | 0.033 | 0.031
2024_11,ALO,xgb,18,19,num__strategy_delta | num__grid_position | num__stint_count | num__field_strength | num__chaos_index,6.693 | 2.274 | -0.698 | -0.171 | 0.155
2024_11,BOT,xgb,16,16,num__grid_position | num__strategy_delta | num__stint_count | num__constructor_recent_form_score | num__chaos_index,5.957 | -1.057 | -0.122 | 0.044 | 0.031
2024_11,GAS,xgb,10,10,num__strategy_delta | num__grid_position | num__stint_count | num__tyre_deg_slope | num__chaos_index,-2.767 | 1.812 | -0.131 | -0.032 | 0.030
2024_11,HAM,xgb,4,4,num__grid_position | num__strategy_delta | num__stint_count | num__avg_deg_same_compound_last_5 | num__chaos_index,-4.295 | -2.352 | -0.205 | -0.115 | 0.082
2024_11,HUL,xgb,6,6,num__strategy_delta | num__grid_position | num__stint_count | num__chaos_index | num__quali_gap_to_pole,-3.610 | -1.269 | -0.153 | 0.053 | -0.034
2024_11,LEC,xgb,11,12,num__strategy_delta | num__grid_position | num__stint_count | num__air_temp | num__humidity,2.489 | -1.655 | -0.373 | 0.122 | 0.099
2024_11,MAG,xgb,8,8,num__strategy_delta | num__grid_position | num__stint_count | num__chaos_index | num__avg_deg_same_compound_last_5,-3.674 | 0.737 | -0.133 | 0.031 | 0.029
2024_11,NOR,xgb,20,17,num__strategy_delta | num__grid_position | num__stint_count | num__driver_recent_form_score | num__quali_gap_to_pole,8.537 | -2.845 | -0.203 | 0.157 | 0.083
2024_11,OCO,xgb,12,12,num__strategy_delta | num__stint_count | num__chaos_index | num__avg_deg_same_compound_last_5 | num__field_strength,1.090 | -0.147 | 0.039 | 0.028 | -0.022
2024_11,PER,xgb,7,7,num__strategy_delta | num__grid_position | num__stint_count | num__chaos_index | num__field_strength,-1.965 | -1.839 | -0.172 | 0.059 | -0.025
2024_11,PIA,xgb,2,2,num__strategy_delta | num__grid_position | num__stint_count | num__chaos_index | num__quali_gap_to_pole,-5.311 | -3.378 | -0.182 | 0.067 | -0.058
2024_11,RIC,xgb,9,9,num__strategy_delta | num__grid_position | num__stint_count | num__chaos_index | num__avg_deg_same_compound_last_5,-2.347 | 0.389 | -0.144 | 0.040 | 0.028
2024_11,RUS,xgb,1,1,num__grid_position | num__strategy_delta | num__stint_count | num__chaos_index | num__avg_deg_same_compound_last_5,-5.883 | -3.347 | -0.233 | 0.096 | -0.091
2024_11,SAI,xgb,3,3,num__grid_position | num__strategy_delta | num__stint_count | num__chaos_index | num__field_strength,-5.093 | -2.520 | -0.215 | 0.099 | -0.037
2024_11,SAR,xgb,19,19,num__grid_position | num__strategy_delta | num__stint_count | num__constructor_recent_form_score | num__driver_recent_avg_pos,6.782 | 0.959 | -0.145 | 0.055 | 0.051
2024_11,STR,xgb,13,13,num__grid_position | num__strategy_delta | num__stint_count | num__chaos_index | num__tyre_deg_slope,4.732 | -2.813 | -0.123 | 0.031 | -0.029
2024_11,TSU,xgb,14,14,num__grid_position | num__stint_count | num__chaos_index | num__avg_deg_same_compound_last_5 | num__quali_gap_to_pole,3.015 | -0.129 | 0.037 | 0.031 | 0.025
2024_11,VER,xgb,5,7,num__grid_position | num__strategy_delta | num__stint_count | num__avg_deg_same_compound_last_5 | num__constructor_strategy_score,-4.995 | 1.956 | -0.470 | -0.266 | -0.234
2024_11,ZHO,xgb,17,17,num__grid_position | num__strategy_delta | num__stint_count | num__quali_gap_to_pole | num__driver_recent_avg_pos,7.404 | -1.436 | -0.124 | 0.044 | 0.037
2024_12,ALB,xgb,9,9,num__strategy_delta | num__grid_position | num__stint_count | num__chaos_index | num__avg_deg_same_compound_last_5,-0.979 | -0.942 | -0.135 | 0.054 | 0.035
2024_12,ALO,xgb,8,8,num__strategy_delta | num__grid_position | num__stint_count | num__chaos_index | num__field_strength,-2.573 | -0.308 | -0.133 | 0.039 | 0.032
2024_12,BOT,xgb,15,15,num__grid_position | num__strategy_delta | num__stint_count | num__quali_gap_to_pole | num__constructor_recent_form_score,4.455 | -0.544 | -0.103 | 0.052 | 0.036
2024_12,GAS,xgb,21,21,num__strategy_delta | num__grid_position | num__stint_count | cat__circuit_Silverstone | num__chaos_index,6.245 | 2.905 | 0.460 | -0.082 | 0.071
2024_12,HAM,xgb,1,1,num__grid_position | num__strategy_delta | num__stint_count | num__quali_gap_to_pole | num__avg_deg_same_compound_last_5,-6.634 | -2.562 | -0.258 | -0.149 | -0.142
2024_12,HUL,xgb,6,6,num__grid_position | num__strategy_delta | num__stint_count | num__chaos_index | num__quali_gap_to_pole,-3.465 | -1.444 | -0.136 | 0.057 | -0.039
2024_12,LEC,xgb,14,18,num__strategy_delta | num__stint_count | num__grid_position | num__avg_deg_same_compound_last_5 | num__chaos_index,7.257 | -1.149 | 0.921 | -0.507 | 0.236
2024_12,MAG,xgb,12,12,num__grid_position | num__strategy_delta | num__stint_count | num__driver_recent_avg_pos | num__constructor_recent_form_score,4.562 | -3.547 | -0.107 | 0.055 | -0.051
2024_12,NOR,xgb,3,3,num__grid_position | num__strategy_delta | num__stint_count | num__quali_gap_to_pole | num__avg_deg_same_compound_last_5,-5.873 | -1.428 | -0.252 | -0.150 | -0.116
2024_12,OCO,xgb,16,16,num__grid_position | num__strategy_delta | num__stint_count | num__quali_gap_to_pole | num__constructor_recent_form_score,5.991 | -1.001 | -0.138 | 0.048 | 0.038
2024_12,PER,xgb,17,17,num__grid_position | num__strategy_delta | num__stint_count | num__constructor_recent_form_score | num__chaos_index,7.426 | -1.390 | -0.152 | -0.055 | 0.035
2024_12,PIA,xgb,4,4,num__grid_position | num__strategy_delta | num__stint_count | num__chaos_index | num__driver_recent_avg_pos,-4.308 | -2.406 | -0.177 | 0.082 | -0.026
2024_12,RIC,xgb,13,13,num__grid_position | num__strategy_delta | num__stint_count | num__quali_gap_to_pole | num__avg_deg_same_compound_last_5,3.670 | -1.616 | -0.115 | 0.046 | 0.032
2024_12,RUS,xgb,21,18,num__strategy_delta | num__grid_position | num__stint_count | num__chaos_index | num__avg_deg_same_compound_last_5,10.048 | -3.678 | 0.552 | 0.373 | -0.351
2024_12,SAI,xgb,5,5,num__strategy_delta | num__grid_position | num__stint_count | num__chaos_index | num__driver_recent_form_score,-2.926 | -2.811 | -0.189 | 0.074 | 0.031
2024_12,SAR,xgb,11,11,num__grid_position | num__strategy_delta | num__stint_count | num__quali_gap_to_pole | num__driver_recent_avg_pos,1.213 | -1.050 | -0.119 | 0.060 | 0.039
2024_12,STR,xgb,7,7,num__strategy_delta | num__grid_position | num__stint_count | num__lap_consistency_std | num__chaos_index,-1.955 | -1.859 | -0.127 | -0.061 | 0.055
2024_12,TSU,xgb,10,10,num__strategy_delta | num__grid_position | num__stint_count | num__quali_gap_to_pole | num__tyre_deg_slope,-2.711 | 1.812 | -0.127 | 0.040 | -0.037
2024_12,VER,xgb,2,2,num__grid_position | num__strategy_delta | num__stint_count | num__chaos_index | num__field_strength,-5.202 | -3.594 | -0.159 | 0.085 | 0.033
2024_12,ZHO,xgb,18,18,num__grid_position | num__strategy_delta | num__stint_count | num__dnf_risk_score | num__driver_recent_avg_pos,4.329 | 2.841 | -0.228 | -0.082 | 0.068
2024_13,ALB,xgb,14,14,num__grid_position | num__strategy_delta | num__stint_count | num__quali_gap_to_pole | num__constructor_recent_form_score,2.196 | 0.835 | -0.117 | 0.043 | 0.040
2024_13,ALO,xgb,11,12,num__strategy_delta | num__grid_position | num__stint_count | num__air_temp | num__avg_deg_same_compound_last_5,2.122 | -1.036 | -0.337 | 0.112 | -0.097
2024_13,BOT,xgb,16,17,num__strategy_delta | num__grid_position | num__stint_count | num__dnf_risk_score | num__constructor_recent_form_score,2.790 | 2.760 | -0.183 | -0.065 | 0.065
2024_13,GAS,xgb,21,20,num__strategy_delta | num__grid_position | num__avg_deg_same_compound_last_5 | num__stint_count | num__track_temp,5.234 | 4.272 | -0.714 | 0.148 | 0.126
2024_13,HAM,xgb,3,3,num__grid_position | num__strategy_delta | num__stint_count | num__avg_deg_same_compound_last_5 | num__overtake_difficulty_factor,-4.466 | -3.059 | -0.214 | -0.180 | -0.058
2024_13,HUL,xgb,13,13,num__strategy_delta | num__grid_position | num__stint_count | num__overtake_difficulty_factor | num__quali_gap_to_pole,1.322 | 0.712 | -0.128 | -0.049 | 0.037
2024_13,LEC,xgb,4,4,num__grid_position | num__strategy_delta | num__avg_deg_same_compound_last_5 | num__stint_count | num__overtake_difficulty_factor,-3.619 | -2.870 | -0.223 | -0.214 | -0.041
2024_13,MAG,xgb,15,15,num__grid_position | num__strategy_delta | num__stint_count | num__overtake_difficulty_factor | num__quali_gap_to_pole,3.869 | 0.157 | -0.104 | -0.037 | 0.033
2024_13,NOR,xgb,2,2,num__grid_position | num__strategy_delta | num__stint_count | num__quali_gap_to_pole | num__avg_deg_same_compound_last_5,-7.401 | -0.831 | -0.291 | -0.190 | -0.125
2024_13,OCO,xgb,18,18,num__grid_position | num__stint_count | num__quali_gap_to_pole | num__strategy_delta | num__constructor_recent_form_score,6.942 | -0.137 | 0.083 | 0.057 | 0.050
2024_13,PER,xgb,7,7,num__strategy_delta | num__grid_position | num__avg_deg_same_compound_last_5 | num__stint_count | num__quali_gap_to_pole,-6.600 | 3.048 | -0.199 | -0.152 | 0.057
2024_13,PIA,xgb,1,1,num__grid_position | num__strategy_delta | num__stint_count | num__quali_gap_to_pole | num__avg_deg_same_compound_last_5,-6.688 | -2.322 | -0.301 | -0.170 | -0.134
2024_13,RIC,xgb,12,18,num__strategy_delta | num__stint_count | num__grid_position | num__field_strength | num__overtake_difficulty_factor,7.446 | -0.776 | -0.549 | 0.394 | -0.279
2024_13,RUS,xgb,8,8,num__strategy_delta | num__grid_position | num__stint_count | num__avg_deg_same_compound_last_5 | num__constructor_recent_form_score,-6.556 | 3.791 | -0.117 | 0.073 | -0.067
2024_13,SAI,xgb,6,6,num__grid_position | num__strategy_delta | num__stint_count | num__overtake_difficulty_factor | num__air_temp,-5.098 | 0.316 | -0.197 | -0.131 | 0.054
2024_13,SAR,xgb,17,21,num__strategy_delta | num__grid_position | num__stint_count | num__field_strength | num__avg_deg_same_compound_last_5,7.082 | 2.471 | -0.462 | 0.326 | 0.178
2024_13,STR,xgb,10,10,num__grid_position | num__strategy_delta | num__stint_count | num__overtake_difficulty_factor | num__air_temp,-1.648 | 0.959 | -0.158 | -0.066 | 0.055
2024_13,TSU,xgb,9,9,num__strategy_delta | num__grid_position | num__quali_gap_to_pole | num__overtake_difficulty_factor | num__air_temp,-1.819 | -0.222 | -0.029 | -0.027 | 0.024
2024_13,VER,xgb,5,5,num__grid_position | num__strategy_delta | num__stint_count | num__quali_gap_to_pole | num__overtake_difficulty_factor,-5.780 | 0.245 | -0.240 | -0.172 | -0.119
2024_13,ZHO,xgb,19,19,num__grid_position | num__strategy_delta | num__stint_count | num__quali_gap_to_pole | num__constructor_recent_form_score,6.098 | 1.591 | -0.103 | 0.063 | 0.055
2024_14,ALB,xgb,12,12,num__strategy_delta | num__stint_count | num__field_strength | num__driver_recent_avg_pos | num__quali_gap_to_pole,1.153 | -0.140 | 0.032 | 0.031 | 0.025
2024_14,ALO,xgb,8,8,num__grid_position | num__strategy_delta | num__avg_deg_same_compound_last_5 | num__street_circuit_score | num__constructor_recent_form_score,-1.794 | -1.170 | 0.026 | 0.025 | 0.024
2024_14,BOT,xgb,15,15,num__grid_position | num__strategy_delta | num__stint_count | num__field_strength | num__avg_deg_same_compound_last_5,3.044 | 0.884 | -0.115 | 0.031 | 0.030
2024_14,GAS,xgb,13,13,num__grid_position | num__strategy_delta | num__stint_count | num__field_strength | num__avg_deg_same_compound_last_5,1.357 | 0.636 | -0.118 | 0.034 | 0.030
2024_14,HAM,xgb,1,1,num__grid_position | num__strategy_delta | num__stint_count | num__avg_deg_same_compound_last_5 | num__driver_recent_form_score,-5.901 | -3.516 | -0.197 | -0.125 | 0.065
2024_14,HUL,xgb,18,18,num__grid_position | num__strategy_delta | num__stint_count | num__avg_deg_same_compound_last_5 | num__tyre_deg_slope,4.645 | 2.225 | -0.144 | -0.073 | -0.049
2024_14,LEC,xgb,3,3,num__grid_position | num__stint_count | num__avg_deg_same_compound_last_5 | num__strategy_delta | num__lap_consistency_std,-7.356 | -0.249 | -0.176 | -0.066 | -0.046
2024_14,MAG,xgb,14,14,num__grid_position | num__strategy_delta | num__quali_gap_to_pole | num__constructor_recent_form_score | num__dnf_risk_score,5.057 | -2.131 | 0.045 | 0.028 | -0.020
2024_14,NOR,xgb,5,5,num__grid_position | num__strategy_delta | num__stint_count | num__avg_deg_same_compound_last_5 | num__constructor_recent_form_score,-5.114 | -0.394 | -0.224 | -0.126 | -0.048
2024_14,OCO,xgb,9,9,num__grid_position | num__strategy_delta | num__stint_count | num__avg_deg_same_compound_last_5 | num__driver_recent_avg_pos,-0.968 | -0.886 | -0.145 | 0.034 | 0.034
2024_14,PER,xgb,7,7,num__grid_position | num__strategy_delta | num__stint_count | num__avg_deg_same_compound_last_5 | num__lap_consistency_std,-5.107 | 1.677 | -0.445 | -0.100 | 0.082
2024_14,PIA,xgb,2,2,num__grid_position | num__strategy_delta | num__stint_count | num__avg_deg_same_compound_last_5 | num__lap_consistency_std,-4.506 | -3.870 | -0.208 | -0.124 | -0.058
2024_14,RIC,xgb,10,10,num__strategy_delta | num__grid_position | num__stint_count | num__field_strength | num__avg_deg_same_compound_last_5,-2.813 | 1.865 | -0.118 | 0.034 | 0.028
2024_14,RUS,xgb,20,16,num__strategy_delta | num__grid_position | num__avg_deg_same_compound_last_5 | num__constructor_dnf_rate | num__quali_gap_to_pole,6.804 | -1.374 | -0.279 | 0.123 | 0.119
2024_14,SAI,xgb,6,6,num__grid_position | num__strategy_delta | num__stint_count | num__avg_deg_same_compound_last_5 | num__field_strength,-2.755 | -2.072 | -0.159 | 0.044 | 0.028
2024_14,SAR,xgb,17,17,num__grid_position | num__stint_count | num__strategy_delta | num__quali_gap_to_pole | num__driver_recent_avg_pos,6.073 | -0.110 | -0.103 | 0.076 | 0.053
2024_14,STR,xgb,11,11,num__strategy_delta | num__grid_position | num__constructor_recent_form_score | num__constructor_dnf_rate | num__constructor_strategy_score,-3.341 | 3.280 | 0.012 | -0.010 | 0.010
2024_14,TSU,xgb,16,16,num__grid_position | num__strategy_delta | num__quali_gap_to_pole | num__driver_recent_avg_pos | num__street_circuit_score,7.115 | -2.291 | 0.053 | 0.029 | 0.021
2024_14,VER,xgb,4,3,num__strategy_delta | num__grid_position | num__stint_count | num__quali_gap_to_pole | num__avg_deg_same_compound_last_5,-6.162 | -0.592 | -0.217 | -0.211 | -0.157
2024_14,ZHO,xgb,21,21,num__strategy_delta | num__grid_position | num__stint_count | num__avg_deg_same_compound_last_5 | num__constructor_recent_form_score,6.203 | 2.929 | 0.715 | -0.089 | 0.052
2024_15,ALB,xgb,14,14,num__grid_position | num__strategy_delta | num__stint_count | num__constructor_recent_form_score | num__driver_recent_avg_pos,6.191 | -3.194 | -0.125 | 0.059 | 0.058
2024_15,ALO,xgb,10,17,num__strategy_delta | num__grid_position | num__chaos_index | num__constructor_strategy_score | num__stint_count,8.278 | -1.727 | -0.254 | -0.236 | -0.180
2024_15,BOT,xgb,19,20,num__strategy_delta | num__grid_position | num__stint_count | num__air_temp | num__field_strength,6.422 | 2.956 | -0.603 | -0.190 | 0.156
2024_15,GAS,xgb,9,9,num__grid_position | num__strategy_delta | num__quali_gap_to_pole | num__lap_consistency_std | num__chaos_index,-0.969 | -0.895 | 0.039 | -0.036 | -0.032
2024_15,HAM,xgb,8,8,num__strategy_delta | num__grid_position | num__stint_count | num__constructor_recent_form_score | num__avg_deg_same_compound_last_5,-5.078 | 2.099 | -0.122 | -0.065 | 0.064
2024_15,HUL,xgb,11,11,num__grid_position | num__strategy_delta | num__lap_consistency_std | num__wet_performance_score | num__avg_deg_same_compound_last_5,1.291 | -1.221 | -0.033 | -0.023 | 0.021
2024_15,LEC,xgb,3,3,num__strategy_delta | num__grid_position | num__avg_deg_same_compound_last_5 | num__lap_consistency_std | num__chaos_index,-4.058 | -3.788 | -0.101 | -0.086 | -0.032
2024_15,MAG,xgb,18,18,num__grid_position | num__strategy_delta | num__constructor_recent_form_score | num__driver_recent_avg_pos | num__quali_gap_to_pole,7.509 | -0.651 | 0.036 | 0.032 | 0.029
2024_15,NOR,xgb,1,1,num__grid_position | num__strategy_delta | num__quali_gap_to_pole | num__avg_deg_same_compound_last_5 | num__constructor_recent_form_score,-7.348 | -2.231 | -0.103 | -0.061 | -0.050
2024_15,OCO,xgb,15,15,num__grid_position | num__strategy_delta | num__quali_gap_to_pole | num__driver_recent_avg_pos | num__avg_deg_same_compound_last_5,3.838 | 0.120 | 0.053 | 0.030 | 0.021
2024_15,PER,xgb,6,6,num__grid_position | num__strategy_delta | num__avg_deg_same_compound_last_5 | num__chaos_index | num__street_circuit_score,-4.294 | -0.588 | -0.045 | -0.039 | 0.032
2024_15,PIA,xgb,4,4,num__grid_position | num__strategy_delta | num__driver_recent_form_score | num__constructor_recent_form_score | num__lap_consistency_std,-5.853 | -0.996 | 0.073 | -0.065 | -0.055
2024_15,RIC,xgb,12,12,num__grid_position | num__strategy_delta | num__quali_gap_to_pole | num__driver_recent_avg_pos | num__avg_deg_same_compound_last_5,2.125 | -1.091 | 0.049 | -0.022 | 0.020
2024_15,RUS,xgb,7,9,num__strategy_delta | num__grid_position | num__stint_count | num__avg_deg_same_compound_last_5 | num__field_strength,6.210 | -4.000 | -1.871 | -1.803 | 0.363
2024_15,SAI,xgb,5,5,num__strategy_delta | num__grid_position | num__driver_recent_avg_pos | num__chaos_index | num__field_strength,-5.234 | -0.879 | -0.031 | -0.026 | -0.025
2024_15,SAR,xgb,16,16,num__grid_position | num__strategy_delta | num__driver_recent_avg_pos | num__constructor_recent_form_score | num__quali_gap_to_pole,5.981 | -1.081 | 0.057 | 0.056 | 0.038
2024_15,STR,xgb,13,13,num__strategy_delta | num__grid_position | num__lap_consistency_std | num__stint_count | num__field_strength,2.484 | -0.151 | -0.120 | -0.072 | -0.070
2024_15,TSU,xgb,17,16,num__strategy_delta | num__grid_position | num__stint_count | num__constructor_recent_form_score | num__dnf_risk_score,3.797 | 2.035 | -0.224 | -0.076 | -0.072
2024_15,VER,xgb,2,2,num__grid_position | num__strategy_delta | num__track_specific_driver_score | num__chaos_index | num__driver_recent_avg_pos,-6.679 | -2.106 | -0.086 | -0.044 | -0.036
2024_15,ZHO,xgb,20,20,num__strategy_delta | num__grid_position | num__stint_count | num__air_temp | num__field_strength,6.194 | 3.200 | -0.552 | -0.168 | 0.159
2024_16,ALB,xgb,9,9,num__strategy_delta | num__grid_position | num__avg_deg_same_compound_last_5 | num__air_temp | num__stint_count,-0.985 | -0.985 | 0.026 | 0.026 | -0.025
2024_16,ALO,xgb,11,11,num__grid_position | num__strategy_delta | num__stint_count | num__field_strength | num__air_temp,0.607 | -0.591 | -0.132 | 0.027 | 0.016
2024_16,BOT,xgb,16,16,num__grid_position | num__strategy_delta | num__constructor_recent_form_score | num__driver_recent_avg_pos | num__avg_deg_same_compound_last_5,6.623 | -1.840 | 0.041 | 0.038 | 0.023
2024_16,COL,xgb,12,12,num__grid_position | num__strategy_delta | num__quali_gap_to_pole | num__air_temp | num__safety_car_sensitivity,5.195 | -4.306 | 0.018 | 0.017 | 0.014
2024_16,GAS,xgb,15,15,num__grid_position | num__strategy_delta | num__stint_count | num__avg_deg_same_compound_last_5 | num__quali_gap_to_pole,3.071 | 0.886 | -0.107 | 0.033 | 0.030
2024_16,HAM,xgb,5,5,num__grid_position | num__strategy_delta | num__stint_count | num__quali_gap_to_pole | num__avg_deg_same_compound_last_5,-3.463 | -2.078 | -0.233 | -0.132 | -0.101
2024_16,HUL,xgb,17,17,num__strategy_delta | num__grid_position | num__stint_count | num__quali_gap_to_pole | num__tyre_deg_slope,4.405 | 1.562 | -0.127 | 0.120 | 0.073
2024_16,LEC,xgb,1,2,num__grid_position | num__strategy_delta | num__quali_gap_to_pole | num__avg_deg_same_compound_last_5 | num__lap_consistency_std,-5.086 | -4.150 | -0.086 | -0.069 | -0.058
2024_16,MAG,xgb,10,10,num__strategy_delta | num__grid_position | num__constructor_recent_form_score | num__quali_gap_to_pole | num__driver_recent_avg_pos,-2.894 | 1.834 | 0.035 | 0.029 | 0.025
2024_16,NOR,xgb,3,3,num__grid_position | num__stint_count | num__quali_gap_to_pole | num__avg_deg_same_compound_last_5 | num__constructor_recent_form_score,-7.272 | -0.269 | -0.174 | -0.118 | -0.050
2024_16,OCO,xgb,14,14,num__grid_position | num__strategy_delta | num__quali_gap_to_pole | num__constructor_recent_form_score | num__driver_recent_avg_pos,3.717 | -0.847 | 0.033 | 0.027 | 0.026
2024_16,PER,xgb,8,8,num__grid_position | num__strategy_delta | num__avg_deg_same_compound_last_5 | num__stint_count | num__air_temp,-1.770 | -0.837 | -0.225 | -0.178 | 0.025
2024_16,PIA,xgb,2,2,num__grid_position | num__strategy_delta | num__stint_count | num__quali_gap_to_pole | num__driver_recent_form_score,-6.650 | -1.992 | -0.214 | -0.175 | 0.073
2024_16,RIC,xgb,13,13,num__grid_position | num__strategy_delta | num__avg_deg_same_compound_last_5 | num__air_temp | num__track_temp,1.348 | 0.560 | 0.022 | 0.017 | 0.017
2024_16,RUS,xgb,7,7,num__grid_position | num__strategy_delta | num__stint_count | num__avg_deg_same_compound_last_5 | num__air_temp,-4.311 | 1.705 | -0.465 | -0.368 | 0.124
2024_16,SAI,xgb,4,4,num__grid_position | num__strategy_delta | num__quali_gap_to_pole | num__pit_stop_efficiency | num__avg_deg_same_compound_last_5,-4.319 | -2.578 | -0.093 | 0.024 | -0.023
2024_16,STR,xgb,19,18,num__grid_position | num__strategy_delta | num__stint_count | num__lap_consistency_std | num__humidity,5.288 | 2.250 | -0.127 | 0.056 | -0.040
2024_16,TSU,xgb,21,21,num__strategy_delta | num__grid_position | num__stint_count | num__avg_deg_same_compound_last_5 | num__street_circuit_score,7.210 | 1.967 | 0.659 | -0.103 | 0.076
2024_16,VER,xgb,6,6,num__grid_position | num__strategy_delta | num__stint_count | num__field_strength | num__avg_deg_same_compound_last_5,-2.728 | -2.094 | -0.153 | 0.021 | -0.020
2024_16,ZHO,xgb,18,18,num__grid_position | num__strategy_delta | num__quali_gap_to_pole | num__constructor_recent_form_score | num__driver_recent_avg_pos,7.497 | -0.739 | 0.051 | 0.050 | 0.048
2024_17,ALB,xgb,7,7,num__strategy_delta | num__grid_position | num__quali_gap_to_pole | num__stint_count | num__pit_stop_efficiency,-2.843 | -1.130 | -0.034 | -0.021 | 0.017
2024_17,ALO,xgb,6,6,num__grid_position | num__strategy_delta | num__lap_consistency_std | num__avg_deg_same_compound_last_5 | num__quali_gap_to_pole,-2.774 | -2.192 | -0.038 | 0.030 | -0.029
2024_17,BEA,xgb,10,10,num__strategy_delta | num__grid_position | num__quali_gap_to_pole | num__driver_recent_form_score | num__street_circuit_score,-0.943 | -0.129 | 0.038 | 0.020 | 0.019
2024_17,BOT,xgb,16,16,num__grid_position | num__strategy_delta | num__constructor_recent_form_score | num__driver_recent_avg_pos | num__quali_gap_to_pole,4.558 | 0.298 | 0.061 | 0.039 | 0.034
2024_17,COL,xgb,8,8,num__grid_position | num__strategy_delta | num__safety_car_sensitivity | num__stint_count | num__tyre_deg_slope,-1.838 | -0.949 | -0.107 | -0.041 | -0.023
2024_17,GAS,xgb,12,12,num__grid_position | num__strategy_delta | num__avg_deg_same_compound_last_5 | num__quali_gap_to_pole | num__constructor_recent_form_score,5.250 | -4.133 | -0.139 | 0.034 | 0.023
2024_17,HAM,xgb,9,8,num__strategy_delta | num__grid_position | num__constructor_recent_form_score | num__driver_recent_avg_pos | num__wet_performance_score,-7.384 | 4.914 | -0.113 | -0.066 | -0.061
2024_17,HUL,xgb,11,11,num__grid_position | num__strategy_delta | num__quali_gap_to_pole | num__wet_performance_score | num__constructor_recent_form_score,1.222 | -1.215 | 0.041 | -0.026 | 0.021
2024_17,LEC,xgb,2,2,num__grid_position | num__strategy_delta | num__quali_gap_to_pole | num__driver_recent_form_score | num__stint_count,-7.302 | -1.488 | -0.108 | -0.034 | 0.034
2024_17,NOR,xgb,4,4,num__strategy_delta | num__grid_position | num__constructor_recent_form_score | num__dnf_risk_score | num__driver_recent_form_score,-8.691 | 1.486 | -0.157 | -0.067 | 0.039
2024_17,OCO,xgb,15,15,num__grid_position | num__strategy_delta | num__quali_gap_to_pole | num__constructor_recent_form_score | num__driver_recent_avg_pos,6.844 | -3.112 | 0.067 | 0.050 | 0.040
2024_17,PER,xgb,17,16,num__strategy_delta | num__grid_position | num__quali_gap_to_pole | num__track_specific_driver_score | num__stint_count,6.909 | -2.306 | 0.209 | -0.105 | 0.086
2024_17,PIA,xgb,1,1,num__grid_position | num__strategy_delta | num__driver_recent_form_score | num__quali_gap_to_pole | num__constructor_recent_form_score,-6.589 | -3.203 | 0.073 | -0.062 | -0.060
2024_17,RIC,xgb,13,13,num__grid_position | num__strategy_delta | num__constructor_recent_form_score | num__quali_gap_to_pole | num__avg_deg_same_compound_last_5,2.959 | -0.988 | 0.035 | 0.027 | 0.021
2024_17,RUS,xgb,3,3,num__grid_position | num__strategy_delta | num__lap_consistency_std | num__street_circuit_score | num__pit_stop_efficiency,-4.436 | -3.446 | -0.100 | 0.033 | 0.025
2024_17,SAI,xgb,18,16,num__strategy_delta | num__grid_position | num__quali_gap_to_pole | num__pit_stop_efficiency | num__driver_recent_avg_pos,7.655 | -2.553 | 0.187 | -0.073 | -0.066
2024_17,STR,xgb,19,18,num__strategy_delta | num__grid_position | num__stint_count | num__tyre_deg_slope | num__constructor_recent_form_score,3.655 | 3.080 | -0.197 | -0.075 | 0.071
2024_17,TSU,xgb,21,19,num__strategy_delta | num__grid_position | num__street_circuit_score | num__stint_count | num__safety_car_sensitivity,7.957 | 0.218 | 0.122 | -0.105 | 0.080
2024_17,VER,xgb,5,5,num__grid_position | num__strategy_delta | num__stint_count | num__pit_stop_efficiency | num__constructor_recent_form_score,-3.505 | -2.267 | -0.147 | -0.131 | -0.028
2024_17,ZHO,xgb,14,14,num__grid_position | num__strategy_delta | num__quali_gap_to_pole | num__constructor_recent_form_score | num__driver_recent_avg_pos,5.060 | -2.148 | 0.042 | 0.041 | 0.033
2024_18,ALB,xgb,21,19,num__strategy_delta | num__grid_position | num__stint_count | num__street_circuit_score | num__air_temp,7.859 | 0.475 | -0.177 | -0.168 | 0.102
2024_18,ALO,xgb,8,8,num__grid_position | num__strategy_delta | num__lap_consistency_std | num__street_circuit_score | num__chaos_index,-2.658 | -0.327 | 0.037 | 0.033 | -0.032
2024_18,BOT,xgb,16,16,num__grid_position | num__strategy_delta | num__constructor_recent_form_score | num__driver_recent_avg_pos | num__avg_deg_same_compound_last_5,6.622 | -1.806 | 0.043 | 0.036 | 0.017
2024_18,COL,xgb,11,11,num__strategy_delta | num__grid_position | num__safety_car_sensitivity | num__lap_consistency_std | num__constructor_recent_form_score,-1.279 | 1.250 | -0.063 | 0.030 | 0.023
2024_18,GAS,xgb,17,17,num__grid_position | num__strategy_delta | num__constructor_recent_form_score | num__lap_consistency_std | num__quali_gap_to_pole,6.091 | -0.159 | 0.035 | 0.029 | 0.028
2024_18,HAM,xgb,6,19,num__strategy_delta | num__grid_position | num__avg_deg_same_compound_last_5 | num__chaos_index | num__wet_performance_score,9.904 | -3.049 | 0.382 | -0.254 | 0.237
2024_18,HUL,xgb,9,17,num__strategy_delta | num__grid_position | num__stint_count | num__constructor_strategy_score | num__chaos_index,8.667 | -1.880 | -0.365 | -0.211 | -0.203
2024_18,LEC,xgb,5,5,num__strategy_delta | num__grid_position | num__quali_gap_to_pole | num__driver_recent_form_score | num__stint_count,-4.591 | -1.501 | -0.086 | 0.059 | 0.039
2024_18,MAG,xgb,19,18,num__grid_position | num__strategy_delta | num__stint_count | num__dnf_risk_score | num__tyre_deg_slope,4.126 | 3.052 | -0.164 | -0.086 | -0.073
2024_18,NOR,xgb,1,1,num__grid_position | num__strategy_delta | num__quali_gap_to_pole | num__constructor_recent_form_score | num__chaos_index,-7.286 | -2.407 | -0.094 | -0.059 | -0.035
2024_18,OCO,xgb,13,13,num__grid_position | num__strategy_delta | num__quali_gap_to_pole | num__constructor_recent_form_score | num__driver_recent_avg_pos,3.650 | -1.753 | -0.029 | 0.027 | 0.022
2024_18,PER,xgb,10,10,num__strategy_delta | num__grid_position | num__constructor_recent_form_score | num__air_temp | num__chaos_index,-2.942 | 1.871 | -0.022 | 0.021 | -0.015
2024_18,PIA,xgb,3,3,num__grid_position | num__strategy_delta | num__quali_gap_to_pole | num__driver_recent_form_score | num__constructor_recent_form_score,-4.386 | -3.657 | -0.093 | 0.069 | -0.058
2024_18,RIC,xgb,18,18,num__grid_position | num__strategy_delta | num__stint_count | num__constructor_recent_form_score | num__lap_consistency_std,4.599 | 2.236 | -0.131 | 0.054 | 0.037
2024_18,RUS,xgb,4,4,num__grid_position | num__strategy_delta | num__avg_deg_same_compound_last_5 | num__chaos_index | num__street_circuit_score,-5.049 | -1.931 | 0.039 | -0.036 | 0.029
2024_18,SAI,xgb,7,7,num__strategy_delta | num__grid_position | num__track_specific_driver_score | num__quali_gap_to_pole | num__street_circuit_score,-3.554 | -0.420 | -0.088 | -0.035 | 0.022
2024_18,STR,xgb,14,14,num__grid_position | num__strategy_delta | num__driver_recent_avg_pos | num__quali_gap_to_pole | num__lap_consistency_std,5.052 | -2.139 | 0.031 | 0.025 | -0.023
2024_18,TSU,xgb,12,13,num__strategy_delta | num__grid_position | num__track_specific_driver_score | num__air_temp | num__stint_count,2.258 | -0.191 | 0.101 | 0.099 | -0.062
2024_18,VER,xgb,2,2,num__grid_position | num__strategy_delta | num__quali_gap_to_pole | num__avg_deg_same_compound_last_5 | num__chaos_index,-6.641 | -2.352 | -0.073 | 0.053 | -0.037
2024_18,ZHO,xgb,15,15,num__grid_position | num__strategy_delta | num__quali_gap_to_pole | num__constructor_recent_form_score | num__driver_recent_avg_pos,6.859 | -3.101 | 0.057 | 0.055 | 0.045
2024_19,ALB,xgb,16,16,num__grid_position | num__strategy_delta | num__stint_count | num__lap_consistency_std | num__avg_deg_same_compound_last_5,3.104 | 1.745 | -0.090 | -0.048 | 0.032
2024_19,ALO,xgb,13,14,num__strategy_delta | num__grid_position | num__air_temp | num__quali_gap_to_pole | num__constructor_strategy_score,3.391 | -1.000 | 0.072 | 0.070 | 0.062
2024_19,BOT,xgb,17,17,num__grid_position | num__strategy_delta | num__constructor_recent_form_score | num__driver_recent_avg_pos | num__humidity,4.603 | 1.240 | 0.052 | 0.041 | -0.036
2024_19,COL,xgb,10,10,num__strategy_delta | num__grid_position | num__air_temp | num__avg_deg_same_compound_last_5 | num__street_circuit_score,-4.127 | 3.085 | 0.017 | 0.015 | 0.013
2024_19,GAS,xgb,12,13,num__strategy_delta | num__grid_position | num__stint_count | num__air_temp | num__constructor_dnf_rate,3.178 | -1.789 | -0.078 | 0.078 | -0.065
2024_19,HAM,xgb,21,21,num__strategy_delta | num__grid_position | num__stint_count | num__avg_deg_same_compound_last_5 | num__driver_recent_form_score,7.233 | 2.216 | 0.341 | 0.077 | 0.066
2024_19,HUL,xgb,8,8,num__strategy_delta | num__grid_position | num__driver_recent_avg_pos | num__quali_gap_to_pole | num__avg_deg_same_compound_last_5,-3.340 | 0.232 | 0.027 | -0.026 | 0.022
2024_19,LAW,xgb,9,9,num__strategy_delta | num__grid_position | num__constructor_recent_form_score | num__field_strength | num__quali_to_race_conversion,-7.091 | 5.004 | 0.128 | -0.049 | -0.033
2024_19,LEC,xgb,1,2,num__grid_position | num__strategy_delta | num__wet_performance_score | num__street_circuit_score | num__constructor_recent_form_score,-5.045 | -4.302 | 0.032 | 0.027 | -0.027
2024_19,MAG,xgb,11,19,num__strategy_delta | num__grid_position | num__stint_count | num__field_strength | num__avg_deg_same_compound_last_5,8.232 | -0.949 | -0.636 | 0.327 | 0.240
2024_19,NOR,xgb,4,20,num__strategy_delta | num__grid_position | num__driver_recent_form_score | num__stint_count | num__pit_stop_efficiency,10.614 | -3.380 | 0.516 | 0.406 | 0.265
2024_19,OCO,xgb,18,17,num__strategy_delta | num__grid_position | num__stint_count | num__dnf_risk_score | num__quali_gap_to_pole,3.811 | 2.424 | -0.154 | -0.058 | 0.058
2024_19,PER,xgb,7,7,num__strategy_delta | num__grid_position | num__quali_gap_to_pole | num__stint_count | num__safety_car_sensitivity,-2.901 | -1.145 | -0.031 | -0.025 | 0.016
2024_19,PIA,xgb,5,5,num__grid_position | num__strategy_delta | num__driver_recent_form_score | num__constructor_recent_form_score | num__pit_stop_efficiency,-4.198 | -1.892 | 0.072 | -0.048 | 0.028
2024_19,RUS,xgb,6,5,num__strategy_delta | num__grid_position | num__constructor_recent_form_score | num__wet_performance_score | num__avg_deg_same_compound_last_5,-9.890 | 4.078 | -0.137 | 0.063 | -0.044
2024_19,SAI,xgb,2,2,num__grid_position | num__strategy_delta | num__quali_gap_to_pole | num__constructor_strategy_score | num__avg_deg_same_compound_last_5,-5.965 | -3.003 | -0.057 | -0.050 | 0.046
2024_19,STR,xgb,15,15,num__grid_position | num__strategy_delta | num__constructor_recent_form_score | num__lap_consistency_std | num__safety_car_sensitivity,2.259 | 1.691 | 0.040 | 0.028 | 0.019
2024_19,TSU,xgb,14,14,num__strategy_delta | num__grid_position | num__lap_consistency_std | num__field_strength | num__constructor_recent_form_score,2.105 | 1.188 | -0.102 | -0.076 | -0.074
2024_19,VER,xgb,3,3,num__grid_position | num__strategy_delta | num__track_specific_driver_score | num__quali_gap_to_pole | num__avg_deg_same_compound_last_5,-6.555 | -1.329 | -0.085 | -0.072 | 0.049
2024_19,ZHO,xgb,19,19,num__grid_position | num__strategy_delta | num__stint_count | num__driver_recent_avg_pos | num__constructor_recent_form_score,6.060 | 1.543 | -0.095 | 0.049 | 0.046
2024_20,ALB,xgb,21,20,num__strategy_delta | num__stint_count | num__grid_position | num__street_circuit_score | num__avg_deg_same_compound_last_5,8.624 | 1.342 | -0.405 | -0.165 | 0.064
2024_20,ALO,xgb,21,21,num__strategy_delta | num__grid_position | num__stint_count | num__quali_gap_to_pole | num__street_circuit_score,8.122 | 0.908 | 0.688 | 0.073 | 0.066
2024_20,BOT,xgb,14,14,num__grid_position | num__strategy_delta | num__constructor_recent_form_score | num__driver_recent_avg_pos | num__quali_gap_to_pole,3.709 | -0.803 | 0.053 | 0.052 | 0.041
2024_20,COL,xgb,12,12,num__grid_position | num__strategy_delta | num__lap_consistency_std | num__constructor_strategy_score | num__tyre_deg_slope,4.067 | -2.992 | -0.027 | -0.024 | -0.021
2024_20,GAS,xgb,10,10,num__grid_position | num__strategy_delta | num__lap_consistency_std | num__driver_recent_avg_pos | num__constructor_recent_form_score,-1.715 | 0.793 | 0.031 | 0.027 | 0.027
2024_20,HAM,xgb,4,4,num__grid_position | num__strategy_delta | num__chaos_index | num__avg_deg_same_compound_last_5 | num__street_circuit_score,-3.575 | -3.404 | -0.035 | 0.029 | 0.023
2024_20,HUL,xgb,9,9,num__strategy_delta | num__grid_position | num__lap_consistency_std | num__chaos_index | num__avg_deg_same_compound_last_5,-1.813 | -0.205 | 0.030 | -0.024 | 0.021
2024_20,LAW,xgb,16,16,num__grid_position | num__strategy_delta | num__stint_count | num__tyre_deg_slope | num__dnf_risk_score,2.725 | 2.596 | -0.189 | -0.068 | -0.059
2024_20,LEC,xgb,3,3,num__grid_position | num__strategy_delta | num__stint_count | num__driver_recent_form_score | num__constructor_recent_form_score,-5.100 | -2.687 | -0.180 | 0.072 | -0.045
2024_20,MAG,xgb,7,7,num__grid_position | num__strategy_delta | num__avg_deg_same_compound_last_5 | num__chaos_index | num__driver_recent_avg_pos,-2.747 | -1.215 | 0.033 | -0.033 | 0.029
2024_20,NOR,xgb,2,2,num__grid_position | num__strategy_delta | num__driver_recent_form_score | num__constructor_recent_form_score | num__chaos_index,-5.969 | -3.018 | 0.065 | -0.064 | -0.043
2024_20,OCO,xgb,13,14,num__strategy_delta | num__grid_position | num__driver_recent_avg_pos | num__constructor_dnf_rate | num__chaos_index,6.763 | -3.737 | 0.217 | -0.092 | -0.088
2024_20,PER,xgb,17,17,num__grid_position | num__stint_count | num__avg_deg_same_compound_last_5 | num__constructor_recent_form_score | num__strategy_delta,6.157 | -0.183 | -0.094 | -0.049 | 0.041
2024_20,PIA,xgb,8,8,num__strategy_delta | num__grid_position | num__constructor_recent_form_score | num__driver_recent_avg_pos | num__driver_recent_form_score,-6.671 | 3.795 | -0.085 | -0.077 | -0.045
2024_20,RUS,xgb,5,5,num__grid_position | num__strategy_delta | num__safety_car_sensitivity | num__chaos_index | num__avg_deg_same_compound_last_5,-4.273 | -1.597 | -0.095 | -0.043 | 0.041
2024_20,SAI,xgb,1,1,num__grid_position | num__strategy_delta | num__quali_gap_to_pole | num__lap_consistency_std | num__avg_deg_same_compound_last_5,-7.321 | -2.322 | -0.095 | -0.095 | 0.050
2024_20,STR,xgb,11,11,num__strategy_delta | num__grid_position | num__driver_recent_avg_pos | num__tyre_deg_slope | num__quali_gap_to_pole,-2.725 | 2.721 | 0.034 | -0.032 | 0.022
2024_20,TSU,xgb,21,21,num__strategy_delta | num__stint_count | num__grid_position | num__constructor_recent_form_score | num__track_specific_driver_score,8.379 | 0.943 | 0.139 | -0.069 | 0.066
2024_20,VER,xgb,6,7,num__grid_position | num__strategy_delta | num__lap_consistency_std | num__driver_recent_form_score | num__safety_car_sensitivity,-4.803 | 1.367 | -0.191 | -0.169 | 0.156
2024_20,ZHO,xgb,15,15,num__grid_position | num__strategy_delta | num__constructor_recent_form_score | num__driver_recent_avg_pos | num__quali_gap_to_pole,6.376 | -2.496 | 0.040 | 0.035 | 0.034
2024_21,ALB,xgb,21,20,num__strategy_delta | num__stint_count | num__grid_position | num__street_circuit_score | num__safety_car_sensitivity,9.362 | 1.212 | -1.138 | -0.150 | 0.113
2024_21,ALO,xgb,14,13,num__strategy_delta | num__grid_position | num__stint_count | num__field_strength | num__safety_car_sensitivity,2.374 | 0.551 | -0.284 | -0.069 | 0.059
2024_21,BEA,xgb,12,12,num__grid_position | num__strategy_delta | num__stint_count | num__quali_gap_to_pole | num__avg_deg_same_compound_last_5,3.552 | -2.521 | -0.113 | 0.051 | 0.022
2024_21,BOT,xgb,13,13,num__strategy_delta | num__grid_position | num__driver_recent_avg_pos | num__quali_gap_to_pole | num__constructor_recent_form_score,1.307 | 0.631 | 0.062 | 0.046 | 0.042
2024_21,COL,xgb,21,21,num__strategy_delta | num__grid_position | num__street_circuit_score | num__lap_consistency_std | num__avg_deg_same_compound_last_5,6.961 | 2.737 | 0.095 | 0.078 | 0.073
2024_21,GAS,xgb,3,4,num__strategy_delta | num__grid_position | num__constructor_recent_form_score | num__pit_stop_efficiency | num__quali_gap_to_pole,-7.498 | 0.738 | 0.116 | -0.074 | 0.055
2024_21,HAM,xgb,10,10,num__strategy_delta | num__grid_position | num__stint_count | num__constructor_recent_form_score | num__avg_deg_same_compound_last_5,-3.498 | 2.504 | -0.100 | -0.063 | 0.036
2024_21,HUL,xgb,21,21,num__strategy_delta | num__grid_position | num__stint_count | num__quali_gap_to_pole | num__avg_deg_same_compound_last_5,6.062 | 3.411 | -0.469 | 0.194 | 0.151
2024_21,LAW,xgb,9,10,num__grid_position | num__strategy_delta | num__stint_count | num__avg_deg_same_compound_last_5 | num__driver_recent_avg_pos,-2.531 | 1.749 | -0.317 | 0.084 | 0.079
2024_21,LEC,xgb,5,5,num__grid_position | num__strategy_delta | num__stint_count | num__driver_recent_form_score | num__constructor_recent_form_score,-3.468 | -2.439 | -0.139 | 0.071 | -0.053
2024_21,NOR,xgb,6,7,num__grid_position | num__strategy_delta | num__stint_count | num__driver_recent_form_score | num__quali_gap_to_pole,-5.084 | 1.741 | -0.332 | 0.273 | -0.206
2024_21,OCO,xgb,2,2,num__grid_position | num__strategy_delta | num__safety_car_sensitivity | num__driver_recent_avg_pos | num__avg_deg_same_compound_last_5,-5.158 | -3.497 | -0.107 | 0.104 | 0.043
2024_21,PER,xgb,11,11,num__grid_position | num__strategy_delta | num__stint_count | num__constructor_recent_form_score | num__quali_gap_to_pole,1.277 | -1.124 | -0.119 | -0.041 | 0.038
2024_21,PIA,xgb,8,8,num__grid_position | num__strategy_delta | num__stint_count | num__driver_recent_avg_pos | num__avg_deg_same_compound_last_5,-1.741 | -1.192 | -0.135 | -0.043 | 0.039
2024_21,RUS,xgb,4,4,num__grid_position | num__stint_count | num__avg_deg_same_compound_last_5 | num__quali_gap_to_pole | num__lap_consistency_std,-6.601 | -0.198 | 0.095 | -0.085 | -0.072
2024_21,SAI,xgb,21,21,num__strategy_delta | num__grid_position | num__stint_count | num__avg_deg_same_compound_last_5 | num__quali_gap_to_pole,5.752 | 3.586 | -0.275 | 0.189 | 0.124
2024_21,STR,xgb,21,20,num__strategy_delta | num__stint_count | num__grid_position | num__constructor_recent_form_score | num__safety_car_sensitivity,8.451 | 0.814 | -0.134 | -0.080 | 0.070
2024_21,TSU,xgb,7,8,num__grid_position | num__strategy_delta | num__stint_count | num__driver_recent_avg_pos | num__lap_consistency_std,-4.152 | 1.355 | -0.327 | 0.252 | -0.169
2024_21,VER,xgb,1,3,num__strategy_delta | num__grid_position | num__constructor_recent_form_score | num__wet_performance_score | num__driver_recent_avg_pos,-10.308 | 2.367 | -0.190 | -0.142 | -0.072
2024_21,ZHO,xgb,15,15,num__grid_position | num__strategy_delta | num__stint_count | num__quali_gap_to_pole | num__constructor_recent_form_score,6.391 | -2.471 | -0.131 | 0.050 | 0.044
2024_22,ALB,xgb,21,20,num__strategy_delta | num__grid_position | num__street_circuit_score | num__stint_count | num__dnf_risk_score,6.419 | 2.978 | -0.149 | 0.102 | -0.091
2024_22,ALO,xgb,11,11,num__grid_position | num__strategy_delta | num__stint_count | num__constructor_recent_form_score | num__field_strength,3.814 | -3.657 | -0.160 | 0.040 | -0.027
2024_22,BOT,xgb,18,18,num__grid_position | num__stint_count | num__strategy_delta | num__constructor_recent_form_score | num__quali_gap_to_pole,6.898 | -0.136 | 0.132 | 0.039 | 0.038
2024_22,COL,xgb,14,14,num__grid_position | num__strategy_delta | num__stint_count | num__constructor_recent_form_score | num__avg_deg_same_compound_last_5,6.808 | -3.685 | -0.169 | 0.057 | -0.046
2024_22,GAS,xgb,21,17,num__strategy_delta | num__grid_position | num__quali_gap_to_pole | num__lap_consistency_std | num__stint_count,9.172 | -3.354 | 0.169 | 0.146 | 0.132
2024_22,HAM,xgb,2,2,num__strategy_delta | num__grid_position | num__stint_count | num__quali_gap_to_pole | num__avg_deg_same_compound_last_5,-7.232 | -1.378 | -0.209 | -0.200 | -0.084
2024_22,HUL,xgb,8,8,num__strategy_delta | num__grid_position | num__stint_count | num__quali_gap_to_pole | num__avg_deg_same_compound_last_5,-1.804 | -1.025 | -0.165 | -0.054 | 0.034
2024_22,LAW,xgb,16,16,num__grid_position | num__strategy_delta | num__stint_count | num__constructor_recent_form_score | num__field_strength,3.153 | 1.914 | -0.155 | 0.028 | -0.020
2024_22,LEC,xgb,4,4,num__grid_position | num__strategy_delta | num__stint_count | num__avg_deg_same_compound_last_5 | num__constructor_strategy_score,-5.110 | -1.221 | -0.274 | -0.096 | -0.042
2024_22,MAG,xgb,12,12,num__grid_position | num__strategy_delta | num__driver_recent_avg_pos | num__constructor_recent_form_score | num__stint_count,1.284 | -0.373 | 0.021 | 0.021 | 0.016
2024_22,NOR,xgb,6,6,num__grid_position | num__strategy_delta | num__stint_count | num__field_strength | num__constructor_recent_form_score,-3.435 | -1.323 | -0.224 | -0.030 | -0.029
2024_22,OCO,xgb,17,17,num__strategy_delta | num__grid_position | num__stint_count | num__quali_gap_to_pole | num__dnf_risk_score,4.059 | 2.134 | -0.248 | 0.088 | -0.059
2024_22,PER,xgb,10,10,num__strategy_delta | num__grid_position | num__stint_count | num__avg_deg_same_compound_last_5 | num__quali_gap_to_pole,-3.804 | 3.111 | -0.169 | -0.096 | 0.041
2024_22,PIA,xgb,7,7,num__strategy_delta | num__grid_position | num__stint_count | num__wet_performance_score | num__field_strength,-1.987 | -1.816 | -0.178 | 0.033 | -0.028
2024_22,RUS,xgb,1,1,num__grid_position | num__strategy_delta | num__stint_count | num__quali_gap_to_pole | num__avg_deg_same_compound_last_5,-7.309 | -2.253 | -0.212 | -0.104 | 0.082
2024_22,SAI,xgb,3,3,num__grid_position | num__strategy_delta | num__stint_count | num__quali_gap_to_pole | num__constructor_recent_form_score,-6.625 | -0.858 | -0.263 | -0.157 | -0.031
2024_22,STR,xgb,15,15,num__grid_position | num__strategy_delta | num__stint_count | num__constructor_recent_form_score | num__driver_recent_avg_pos,5.873 | -1.824 | -0.140 | 0.043 | 0.034
2024_22,TSU,xgb,9,9,num__grid_position | num__strategy_delta | num__stint_count | num__quali_to_race_conversion | num__constructor_recent_form_score,-2.625 | 0.925 | -0.192 | -0.047 | 0.039
2024_22,VER,xgb,5,5,num__grid_position | num__strategy_delta | num__stint_count | num__track_specific_driver_score | num__safety_car_sensitivity,-4.233 | -1.394 | -0.156 | -0.085 | -0.060
2024_22,ZHO,xgb,13,13,num__grid_position | num__stint_count | num__strategy_delta | num__field_strength | num__driver_recent_avg_pos,2.147 | -0.145 | -0.050 | -0.030 | 0.029
2024_23,ALB,xgb,15,15,num__grid_position | num__strategy_delta | num__stint_count | num__constructor_recent_form_score | num__avg_deg_same_compound_last_5,4.506 | -0.393 | -0.177 | 0.045 | 0.026
2024_23,ALO,xgb,7,7,num__grid_position | num__strategy_delta | num__stint_count | num__quali_gap_to_pole | num__avg_deg_same_compound_last_5,-1.855 | -1.725 | -0.248 | -0.051 | -0.046
2024_23,BOT,xgb,11,11,num__grid_position | num__strategy_delta | num__stint_count | num__quali_gap_to_pole | num__field_strength,1.924 | -1.902 | -0.179 | -0.041 | -0.029
2024_23,COL,xgb,21,21,num__strategy_delta | num__grid_position | num__stint_count | num__avg_deg_same_compound_last_5 | num__constructor_strategy_score,6.218 | 3.055 | 0.712 | 0.058 | -0.048
2024_23,GAS,xgb,5,5,num__strategy_delta | num__grid_position | num__stint_count | num__quali_gap_to_pole | num__field_strength,-5.384 | -0.273 | -0.185 | -0.040 | -0.023
2024_23,HAM,xgb,12,13,num__strategy_delta | num__grid_position | num__stint_count | num__constructor_dnf_rate | num__wet_performance_score,3.472 | -1.606 | -0.299 | 0.134 | 0.122
2024_23,HUL,xgb,21,19,num__strategy_delta | num__grid_position | num__stint_count | num__field_strength | num__overtake_difficulty_factor,5.489 | 3.693 | -0.973 | -0.214 | -0.151
2024_23,LAW,xgb,14,14,num__grid_position | num__strategy_delta | num__stint_count | num__avg_deg_same_compound_last_5 | num__field_strength,5.103 | -1.961 | -0.178 | 0.028 | -0.024
2024_23,LEC,xgb,2,2,num__grid_position | num__strategy_delta | num__stint_count | num__lap_consistency_std | num__field_strength,-4.505 | -3.715 | -0.269 | -0.057 | -0.031
2024_23,MAG,xgb,9,9,num__strategy_delta | num__stint_count | num__grid_position | num__avg_deg_same_compound_last_5 | num__field_strength,-1.670 | -0.187 | -0.166 | 0.030 | -0.027
2024_23,NOR,xgb,10,9,num__grid_position | num__strategy_delta | num__stint_count | num__quali_gap_to_pole | num__avg_deg_same_compound_last_5,-4.374 | 3.259 | -0.498 | -0.147 | 0.126
2024_23,OCO,xgb,21,21,num__strategy_delta | num__grid_position | num__stint_count | num__avg_deg_same_compound_last_5 | num__dnf_risk_score,5.986 | 3.236 | 0.679 | 0.072 | -0.053
2024_23,PER,xgb,21,15,num__strategy_delta | num__stint_count | num__grid_position | num__field_strength | num__overtake_difficulty_factor,6.755 | -1.487 | -0.718 | -0.279 | -0.173
2024_23,PIA,xgb,3,3,num__grid_position | num__strategy_delta | num__stint_count | num__lap_consistency_std | num__avg_deg_same_compound_last_5,-5.161 | -2.394 | -0.254 | -0.073 | 0.048
2024_23,RUS,xgb,4,12,num__strategy_delta | num__grid_position | num__stint_count | num__avg_deg_same_compound_last_5 | num__lap_consistency_std,7.924 | -4.375 | -1.874 | 0.935 | -0.467
2024_23,SAI,xgb,6,6,num__grid_position | num__strategy_delta | num__stint_count | num__avg_deg_same_compound_last_5 | num__quali_gap_to_pole,-2.765 | -1.956 | -0.230 | 0.042 | -0.038
2024_23,STR,xgb,21,19,num__strategy_delta | num__grid_position | num__stint_count | num__field_strength | num__overtake_difficulty_factor,6.468 | 2.607 | -0.796 | -0.209 | -0.148
2024_23,TSU,xgb,13,13,num__grid_position | num__strategy_delta | num__stint_count | num__avg_deg_same_compound_last_5 | num__quali_gap_to_pole,2.996 | -0.851 | -0.183 | 0.028 | -0.027
2024_23,VER,xgb,1,1,num__grid_position | num__strategy_delta | num__stint_count | num__quali_gap_to_pole | num__track_specific_driver_score,-6.635 | -2.555 | -0.261 | -0.139 | -0.078
2024_23,ZHO,xgb,8,8,num__strategy_delta | num__grid_position | num__stint_count | num__constructor_recent_form_score | num__avg_deg_same_compound_last_5,-3.567 | 0.770 | -0.178 | 0.028 | 0.028
2024_24,ALB,xgb,11,11,num__strategy_delta | num__grid_position | num__constructor_recent_form_score | num__avg_deg_same_compound_last_5 | num__quali_gap_to_pole,-5.113 | 4.975 | 0.029 | 0.027 | -0.026
2024_24,ALO,xgb,9,9,num__grid_position | num__stint_count | num__strategy_delta | num__chaos_index | num__field_strength,-1.773 | -0.196 | 0.040 | -0.031 | -0.031
2024_24,BOT,xgb,21,18,num__strategy_delta | num__grid_position | num__chaos_index | num__tyre_deg_slope | num__avg_deg_same_compound_last_5,7.812 | -0.703 | -0.196 | 0.130 | 0.125
2024_24,COL,xgb,21,20,num__strategy_delta | num__grid_position | num__tyre_deg_slope | num__stint_count | num__lap_consistency_std,5.564 | 3.932 | -0.158 | 0.108 | -0.104
2024_24,DOO,xgb,15,15,num__grid_position | num__strategy_delta | num__constructor_recent_form_score | num__tyre_deg_slope | num__quali_gap_to_pole,5.224 | -1.266 | -0.035 | -0.020 | 0.017
2024_24,GAS,xgb,7,7,num__grid_position | num__strategy_delta | num__constructor_recent_form_score | num__avg_deg_same_compound_last_5 | num__chaos_index,-4.160 | 0.366 | -0.045 | 0.042 | -0.038
2024_24,HAM,xgb,4,5,num__strategy_delta | num__grid_position | num__constructor_recent_form_score | num__avg_deg_same_compound_last_5 | num__dnf_risk_score,-8.566 | 2.427 | -0.111 | 0.043 | -0.033
2024_24,HUL,xgb,8,8,num__grid_position | num__strategy_delta | num__quali_gap_to_pole | num__chaos_index | num__tyre_deg_slope,-2.657 | -0.216 | -0.059 | -0.033 | 0.029
2024_24,LAW,xgb,17,17,num__strategy_delta | num__grid_position | num__stint_count | num__tyre_deg_slope | num__quali_gap_to_pole,3.224 | 2.678 | -0.246 | -0.111 | 0.052
2024_24,LEC,xgb,3,3,num__strategy_delta | num__grid_position | num__constructor_recent_form_score | num__driver_recent_form_score | num__avg_deg_same_compound_last_5,-10.637 | 3.204 | -0.174 | -0.074 | -0.061
2024_24,MAG,xgb,16,16,num__grid_position | num__strategy_delta | num__stint_count | num__constructor_recent_form_score | num__field_strength,3.098 | 1.948 | -0.185 | 0.039 | -0.027
2024_24,NOR,xgb,1,1,num__grid_position | num__strategy_delta | num__quali_gap_to_pole | num__avg_deg_same_compound_last_5 | num__chaos_index,-7.325 | -2.423 | -0.095 | 0.050 | -0.041
2024_24,PER,xgb,21,21,num__strategy_delta | num__stint_count | num__constructor_recent_form_score | num__grid_position | num__quali_gap_to_pole,8.715 | 0.940 | 0.089 | 0.078 | 0.063
2024_24,PIA,xgb,10,9,num__grid_position | num__strategy_delta | num__stint_count | num__avg_deg_same_compound_last_5 | num__quali_gap_to_pole,-4.912 | 3.701 | -0.416 | 0.183 | -0.100
2024_24,RUS,xgb,5,5,num__grid_position | num__strategy_delta | num__chaos_index | num__avg_deg_same_compound_last_5 | num__driver_recent_avg_pos,-3.471 | -2.457 | -0.032 | 0.029 | -0.024
2024_24,SAI,xgb,2,2,num__grid_position | num__strategy_delta | num__quali_gap_to_pole | num__avg_deg_same_compound_last_5 | num__chaos_index,-5.968 | -3.003 | -0.047 | 0.047 | -0.037
2024_24,STR,xgb,14,14,num__grid_position | num__strategy_delta | num__stint_count | num__field_strength | num__lap_consistency_std,2.163 | 1.004 | -0.151 | -0.032 | -0.029
2024_24,TSU,xgb,12,12,num__grid_position | num__strategy_delta | num__lap_consistency_std | num__quali_gap_to_pole | num__chaos_index,0.643 | 0.403 | -0.040 | -0.020 | -0.019
2024_24,VER,xgb,6,6,num__grid_position | num__strategy_delta | num__safety_car_sensitivity | num__track_specific_driver_score | num__driver_recent_form_score,-4.943 | 0.145 | -0.105 | -0.092 | 0.063
2024_24,ZHO,xgb,13,13,num__grid_position | num__strategy_delta | num__stint_count | num__driver_recent_avg_pos | num__quali_gap_to_pole,3.684 | -1.533 | -0.141 | 0.035 | -0.033
